﻿{"gpos":[{"Properties":{"highvalue":false,"name":"DEFAULT DOMAIN POLICY@THROWBACK.LOCAL","domain":"THROWBACK.LOCAL","objectid":"4680740C-4213-4653-A1BF-359BCAD5B133","distinguishedname":"CN={31B2F340-016D-11D2-945F-00C04FB984F9},CN=Policies,CN=System,DC=THROWBACK,DC=local","description":null,"gpcpath":"\\\\THROWBACK.local\\sysvol\\THROWBACK.local\\Policies\\{31B2F340-016D-11D2-945F-00C04FB984F9}"},"ObjectIdentifier":"4680740C-4213-4653-A1BF-359BCAD5B133","Aces":[{"PrincipalSID":"S-1-5-21-3906589501-690843102-3982269896-512","PrincipalType":"Group","RightName":"Owner","AceType":"","IsInherited":false},{"PrincipalSID":"S-1-5-21-3906589501-690843102-3982269896-512","PrincipalType":"Group","RightName":"WriteDacl","AceType":"","IsInherited":false},{"PrincipalSID":"S-1-5-21-3906589501-690843102-3982269896-512","PrincipalType":"Group","RightName":"WriteOwner","AceType":"","IsInherited":false},{"PrincipalSID":"S-1-5-21-3906589501-690843102-3982269896-512","PrincipalType":"Group","RightName":"GenericWrite","AceType":"","IsInherited":false},{"PrincipalSID":"S-1-5-21-3906589501-690843102-3982269896-512","PrincipalType":"Group","RightName":"WriteDacl","AceType":"","IsInherited":false},{"PrincipalSID":"S-1-5-21-3906589501-690843102-3982269896-512","PrincipalType":"Group","RightName":"WriteOwner","AceType":"","IsInherited":false},{"PrincipalSID":"S-1-5-21-3906589501-690843102-3982269896-512","PrincipalType":"Group","RightName":"GenericWrite","AceType":"","IsInherited":false},{"PrincipalSID":"S-1-5-21-3906589501-690843102-3982269896-519","PrincipalType":"Group","RightName":"WriteDacl","AceType":"","IsInherited":false},{"PrincipalSID":"S-1-5-21-3906589501-690843102-3982269896-519","PrincipalType":"Group","RightName":"WriteOwner","AceType":"","IsInherited":false},{"PrincipalSID":"S-1-5-21-3906589501-690843102-3982269896-519","PrincipalType":"Group","RightName":"GenericWrite","AceType":"","IsInherited":false}]},{"Properties":{"highvalue":false,"name":"DEFAULT DOMAIN CONTROLLERS POLICY@THROWBACK.LOCAL","domain":"THROWBACK.LOCAL","objectid":"39B2CD9A-F036-42DE-8409-D73B14C07CE1","distinguishedname":"CN={6AC1786C-016F-11D2-945F-00C04fB984F9},CN=Policies,CN=System,DC=THROWBACK,DC=local","description":null,"gpcpath":"\\\\THROWBACK.local\\sysvol\\THROWBACK.local\\Policies\\{6AC1786C-016F-11D2-945F-00C04fB984F9}"},"ObjectIdentifier":"39B2CD9A-F036-42DE-8409-D73B14C07CE1","Aces":[{"PrincipalSID":"S-1-5-21-3906589501-690843102-3982269896-512","PrincipalType":"Group","RightName":"Owner","AceType":"","IsInherited":false},{"PrincipalSID":"S-1-5-21-3906589501-690843102-3982269896-512","PrincipalType":"Group","RightName":"WriteDacl","AceType":"","IsInherited":false},{"PrincipalSID":"S-1-5-21-3906589501-690843102-3982269896-512","PrincipalType":"Group","RightName":"WriteOwner","AceType":"","IsInherited":false},{"PrincipalSID":"S-1-5-21-3906589501-690843102-3982269896-512","PrincipalType":"Group","RightName":"GenericWrite","AceType":"","IsInherited":false},{"PrincipalSID":"S-1-5-21-3906589501-690843102-3982269896-512","PrincipalType":"Group","RightName":"WriteDacl","AceType":"","IsInherited":false},{"PrincipalSID":"S-1-5-21-3906589501-690843102-3982269896-512","PrincipalType":"Group","RightName":"WriteOwner","AceType":"","IsInherited":false},{"PrincipalSID":"S-1-5-21-3906589501-690843102-3982269896-512","PrincipalType":"Group","RightName":"GenericWrite","AceType":"","IsInherited":false},{"PrincipalSID":"S-1-5-21-3906589501-690843102-3982269896-519","PrincipalType":"Group","RightName":"WriteDacl","AceType":"","IsInherited":false},{"PrincipalSID":"S-1-5-21-3906589501-690843102-3982269896-519","PrincipalType":"Group","RightName":"WriteOwner","AceType":"","IsInherited":false},{"PrincipalSID":"S-1-5-21-3906589501-690843102-3982269896-519","PrincipalType":"Group","RightName":"GenericWrite","AceType":"","IsInherited":false}]}],"meta":{"count":2,"type":"gpos","version":3}}