﻿{"domains":[{"Properties":{"highvalue":true,"name":"THROWBACK.LOCAL","domain":"THROWBACK.LOCAL","objectid":"S-1-5-21-3906589501-690843102-3982269896","distinguishedname":"DC=THROWBACK,DC=local","description":null,"functionallevel":"2016"},"Users":["S-1-5-21-3906589501-690843102-3982269896-501"],"Computers":["S-1-5-21-3906589501-690843102-3982269896-1112","S-1-5-21-3906589501-690843102-3982269896-1113","S-1-5-21-3906589501-690843102-3982269896-1119"],"ChildOus":["CED63353-682F-4A26-8A42-D5797944DA55","D2A5C51A-2BEA-40B2-B114-508002861A0B","B5A0BF89-4062-4A05-A6F0-8792561D347C","02B16EC3-5071-4F69-B39C-337029F474BE","05926405-D675-421D-A5EC-5B6E7FE1F01D","0DA10FB9-F9D2-4358-8208-771DB1A49F04","33D32D70-6BF8-4411-8B7B-3735EDD46CAE","A39C56DE-8CB4-4209-869E-1F8B4AD163AF"],"Trusts":[{"TargetDomainSid":"S-1-5-21-1455054996-2463101236-3447795405","IsTransitive":true,"TrustDirection":3,"TrustType":0,"SidFilteringEnabled":false,"TargetDomainName":"CORPORATE.LOCAL"}],"Links":[{"IsEnforced":true,"Guid":"4680740C-4213-4653-A1BF-359BCAD5B133"}],"RemoteDesktopUsers":[],"LocalAdmins":[],"DcomUsers":[],"PSRemoteUsers":[],"ObjectIdentifier":"S-1-5-21-3906589501-690843102-3982269896","Aces":[{"PrincipalSID":"THROWBACK.LOCAL-S-1-5-32-544","PrincipalType":"Group","RightName":"Owner","AceType":"","IsInherited":false},{"PrincipalSID":"THROWBACK.LOCAL-S-1-5-32-544","PrincipalType":"Group","RightName":"WriteDacl","AceType":"","IsInherited":false},{"PrincipalSID":"THROWBACK.LOCAL-S-1-5-32-544","PrincipalType":"Group","RightName":"WriteOwner","AceType":"","IsInherited":false},{"PrincipalSID":"THROWBACK.LOCAL-S-1-5-32-544","PrincipalType":"Group","RightName":"ExtendedRight","AceType":"All","IsInherited":false},{"PrincipalSID":"S-1-5-21-3906589501-690843102-3982269896-512","PrincipalType":"Group","RightName":"WriteDacl","AceType":"","IsInherited":false},{"PrincipalSID":"S-1-5-21-3906589501-690843102-3982269896-512","PrincipalType":"Group","RightName":"WriteOwner","AceType":"","IsInherited":false},{"PrincipalSID":"S-1-5-21-3906589501-690843102-3982269896-512","PrincipalType":"Group","RightName":"ExtendedRight","AceType":"All","IsInherited":false},{"PrincipalSID":"S-1-5-21-3906589501-690843102-3982269896-519","PrincipalType":"Group","RightName":"GenericAll","AceType":"","IsInherited":false},{"PrincipalSID":"S-1-5-21-3906589501-690843102-3982269896-1208","PrincipalType":"Unknown","RightName":"GenericAll","AceType":"","IsInherited":false},{"PrincipalSID":"THROWBACK.LOCAL-S-1-5-9","PrincipalType":"Group","RightName":"ExtendedRight","AceType":"GetChanges","IsInherited":false},{"PrincipalSID":"THROWBACK.LOCAL-S-1-5-32-544","PrincipalType":"Group","RightName":"ExtendedRight","AceType":"GetChanges","IsInherited":false},{"PrincipalSID":"THROWBACK.LOCAL-S-1-5-32-544","PrincipalType":"Group","RightName":"ExtendedRight","AceType":"GetChangesAll","IsInherited":false},{"PrincipalSID":"S-1-5-21-3906589501-690843102-3982269896-498","PrincipalType":"Group","RightName":"ExtendedRight","AceType":"GetChanges","IsInherited":false},{"PrincipalSID":"S-1-5-21-3906589501-690843102-3982269896-516","PrincipalType":"Group","RightName":"ExtendedRight","AceType":"GetChangesAll","IsInherited":false},{"PrincipalSID":"S-1-5-21-3906589501-690843102-3982269896-1210","PrincipalType":"User","RightName":"ExtendedRight","AceType":"GetChangesAll","IsInherited":false},{"PrincipalSID":"S-1-5-21-3906589501-690843102-3982269896-1210","PrincipalType":"User","RightName":"ExtendedRight","AceType":"GetChanges","IsInherited":false}]}],"meta":{"count":1,"type":"domains","version":3}}