﻿{"groups":[{"Properties":{"highvalue":true,"name":"ADMINISTRATORS@THROWBACK.LOCAL","domain":"THROWBACK.LOCAL","objectid":"THROWBACK.LOCAL-S-1-5-32-544","distinguishedname":"CN=Administrators,CN=Builtin,DC=THROWBACK,DC=local","description":"Administrators have complete and unrestricted access to the computer/domain","admincount":true},"Members":[{"MemberId":"S-1-5-21-3906589501-690843102-3982269896-1206","MemberType":"User"},{"MemberId":"S-1-5-21-3906589501-690843102-3982269896-512","MemberType":"Group"},{"MemberId":"S-1-5-21-3906589501-690843102-3982269896-519","MemberType":"Group"},{"MemberId":"S-1-5-21-3906589501-690843102-3982269896-500","MemberType":"User"}],"ObjectIdentifier":"THROWBACK.LOCAL-S-1-5-32-544","Aces":[{"PrincipalSID":"S-1-5-21-3906589501-690843102-3982269896-512","PrincipalType":"Group","RightName":"Owner","AceType":"","IsInherited":false},{"PrincipalSID":"THROWBACK.LOCAL-S-1-5-32-544","PrincipalType":"Group","RightName":"WriteDacl","AceType":"","IsInherited":false},{"PrincipalSID":"THROWBACK.LOCAL-S-1-5-32-544","PrincipalType":"Group","RightName":"WriteOwner","AceType":"","IsInherited":false},{"PrincipalSID":"THROWBACK.LOCAL-S-1-5-32-544","PrincipalType":"Group","RightName":"GenericWrite","AceType":"","IsInherited":false},{"PrincipalSID":"S-1-5-21-3906589501-690843102-3982269896-512","PrincipalType":"Group","RightName":"WriteDacl","AceType":"","IsInherited":false},{"PrincipalSID":"S-1-5-21-3906589501-690843102-3982269896-512","PrincipalType":"Group","RightName":"WriteOwner","AceType":"","IsInherited":false},{"PrincipalSID":"S-1-5-21-3906589501-690843102-3982269896-512","PrincipalType":"Group","RightName":"GenericWrite","AceType":"","IsInherited":false},{"PrincipalSID":"S-1-5-21-3906589501-690843102-3982269896-519","PrincipalType":"Group","RightName":"WriteDacl","AceType":"","IsInherited":false},{"PrincipalSID":"S-1-5-21-3906589501-690843102-3982269896-519","PrincipalType":"Group","RightName":"WriteOwner","AceType":"","IsInherited":false},{"PrincipalSID":"S-1-5-21-3906589501-690843102-3982269896-519","PrincipalType":"Group","RightName":"GenericWrite","AceType":"","IsInherited":false}]},{"Properties":{"highvalue":false,"name":"GUESTS@THROWBACK.LOCAL","domain":"THROWBACK.LOCAL","objectid":"THROWBACK.LOCAL-S-1-5-32-546","distinguishedname":"CN=Guests,CN=Builtin,DC=THROWBACK,DC=local","description":"Guests have the same access as members of the Users group by default, except for the Guest account which is further restricted","admincount":false},"Members":[{"MemberId":"S-1-5-21-3906589501-690843102-3982269896-514","MemberType":"Group"},{"MemberId":"S-1-5-21-3906589501-690843102-3982269896-501","MemberType":"User"}],"ObjectIdentifier":"THROWBACK.LOCAL-S-1-5-32-546","Aces":[{"PrincipalSID":"THROWBACK.LOCAL-S-1-5-32-544","PrincipalType":"Group","RightName":"Owner","AceType":"","IsInherited":false},{"PrincipalSID":"THROWBACK.LOCAL-S-1-5-32-548","PrincipalType":"Group","RightName":"GenericAll","AceType":"","IsInherited":false},{"PrincipalSID":"S-1-5-21-3906589501-690843102-3982269896-512","PrincipalType":"Group","RightName":"GenericAll","AceType":"","IsInherited":false},{"PrincipalSID":"S-1-5-21-3906589501-690843102-3982269896-519","PrincipalType":"Group","RightName":"GenericAll","AceType":"","IsInherited":true},{"PrincipalSID":"THROWBACK.LOCAL-S-1-5-32-544","PrincipalType":"Group","RightName":"WriteDacl","AceType":"","IsInherited":true},{"PrincipalSID":"THROWBACK.LOCAL-S-1-5-32-544","PrincipalType":"Group","RightName":"WriteOwner","AceType":"","IsInherited":true},{"PrincipalSID":"THROWBACK.LOCAL-S-1-5-32-544","PrincipalType":"Group","RightName":"GenericWrite","AceType":"","IsInherited":true},{"PrincipalSID":"S-1-5-21-3906589501-690843102-3982269896-1208","PrincipalType":"Unknown","RightName":"WriteProperty","AceType":"AddMember","IsInherited":true},{"PrincipalSID":"S-1-5-21-3906589501-690843102-3982269896-1208","PrincipalType":"Unknown","RightName":"GenericAll","AceType":"","IsInherited":true}]},{"Properties":{"highvalue":false,"name":"REMOTE DESKTOP USERS@THROWBACK.LOCAL","domain":"THROWBACK.LOCAL","objectid":"THROWBACK.LOCAL-S-1-5-32-555","distinguishedname":"CN=Remote Desktop Users,CN=Builtin,DC=THROWBACK,DC=local","description":"Members in this group are granted the right to logon remotely","admincount":false},"Members":[{"MemberId":"S-1-5-21-3906589501-690843102-3982269896-1206","MemberType":"User"},{"MemberId":"S-1-5-21-3906589501-690843102-3982269896-1201","MemberType":"User"},{"MemberId":"S-1-5-21-3906589501-690843102-3982269896-1111","MemberType":"User"}],"ObjectIdentifier":"THROWBACK.LOCAL-S-1-5-32-555","Aces":[{"PrincipalSID":"THROWBACK.LOCAL-S-1-5-32-544","PrincipalType":"Group","RightName":"Owner","AceType":"","IsInherited":false},{"PrincipalSID":"THROWBACK.LOCAL-S-1-5-32-548","PrincipalType":"Group","RightName":"GenericAll","AceType":"","IsInherited":false},{"PrincipalSID":"S-1-5-21-3906589501-690843102-3982269896-512","PrincipalType":"Group","RightName":"GenericAll","AceType":"","IsInherited":false},{"PrincipalSID":"S-1-5-21-3906589501-690843102-3982269896-519","PrincipalType":"Group","RightName":"GenericAll","AceType":"","IsInherited":true},{"PrincipalSID":"THROWBACK.LOCAL-S-1-5-32-544","PrincipalType":"Group","RightName":"WriteDacl","AceType":"","IsInherited":true},{"PrincipalSID":"THROWBACK.LOCAL-S-1-5-32-544","PrincipalType":"Group","RightName":"WriteOwner","AceType":"","IsInherited":true},{"PrincipalSID":"THROWBACK.LOCAL-S-1-5-32-544","PrincipalType":"Group","RightName":"GenericWrite","AceType":"","IsInherited":true},{"PrincipalSID":"S-1-5-21-3906589501-690843102-3982269896-1208","PrincipalType":"Unknown","RightName":"WriteProperty","AceType":"AddMember","IsInherited":true},{"PrincipalSID":"S-1-5-21-3906589501-690843102-3982269896-1208","PrincipalType":"Unknown","RightName":"GenericAll","AceType":"","IsInherited":true}]},{"Properties":{"highvalue":false,"name":"USERS@THROWBACK.LOCAL","domain":"THROWBACK.LOCAL","objectid":"THROWBACK.LOCAL-S-1-5-32-545","distinguishedname":"CN=Users,CN=Builtin,DC=THROWBACK,DC=local","description":"Users are prevented from making accidental or intentional system-wide changes and can run most applications","admincount":false},"Members":[{"MemberId":"S-1-5-21-3906589501-690843102-3982269896-513","MemberType":"Group"},{"MemberId":"THROWBACK.LOCAL-S-1-5-11","MemberType":"Group"},{"MemberId":"THROWBACK.LOCAL-S-1-5-4","MemberType":"Group"}],"ObjectIdentifier":"THROWBACK.LOCAL-S-1-5-32-545","Aces":[{"PrincipalSID":"THROWBACK.LOCAL-S-1-5-32-544","PrincipalType":"Group","RightName":"Owner","AceType":"","IsInherited":false},{"PrincipalSID":"THROWBACK.LOCAL-S-1-5-32-548","PrincipalType":"Group","RightName":"GenericAll","AceType":"","IsInherited":false},{"PrincipalSID":"S-1-5-21-3906589501-690843102-3982269896-512","PrincipalType":"Group","RightName":"GenericAll","AceType":"","IsInherited":false},{"PrincipalSID":"S-1-5-21-3906589501-690843102-3982269896-519","PrincipalType":"Group","RightName":"GenericAll","AceType":"","IsInherited":true},{"PrincipalSID":"THROWBACK.LOCAL-S-1-5-32-544","PrincipalType":"Group","RightName":"WriteDacl","AceType":"","IsInherited":true},{"PrincipalSID":"THROWBACK.LOCAL-S-1-5-32-544","PrincipalType":"Group","RightName":"WriteOwner","AceType":"","IsInherited":true},{"PrincipalSID":"THROWBACK.LOCAL-S-1-5-32-544","PrincipalType":"Group","RightName":"GenericWrite","AceType":"","IsInherited":true},{"PrincipalSID":"S-1-5-21-3906589501-690843102-3982269896-1208","PrincipalType":"Unknown","RightName":"WriteProperty","AceType":"AddMember","IsInherited":true},{"PrincipalSID":"S-1-5-21-3906589501-690843102-3982269896-1208","PrincipalType":"Unknown","RightName":"GenericAll","AceType":"","IsInherited":true}]},{"Properties":{"highvalue":false,"name":"REPLICATORS@THROWBACK.LOCAL","domain":"THROWBACK.LOCAL","objectid":"THROWBACK.LOCAL-S-1-5-32-552","distinguishedname":"CN=Replicator,CN=Builtin,DC=THROWBACK,DC=local","description":"Supports file replication in a domain","admincount":true},"Members":[],"ObjectIdentifier":"THROWBACK.LOCAL-S-1-5-32-552","Aces":[{"PrincipalSID":"S-1-5-21-3906589501-690843102-3982269896-512","PrincipalType":"Group","RightName":"Owner","AceType":"","IsInherited":false},{"PrincipalSID":"THROWBACK.LOCAL-S-1-5-32-544","PrincipalType":"Group","RightName":"WriteDacl","AceType":"","IsInherited":false},{"PrincipalSID":"THROWBACK.LOCAL-S-1-5-32-544","PrincipalType":"Group","RightName":"WriteOwner","AceType":"","IsInherited":false},{"PrincipalSID":"THROWBACK.LOCAL-S-1-5-32-544","PrincipalType":"Group","RightName":"GenericWrite","AceType":"","IsInherited":false},{"PrincipalSID":"S-1-5-21-3906589501-690843102-3982269896-512","PrincipalType":"Group","RightName":"WriteDacl","AceType":"","IsInherited":false},{"PrincipalSID":"S-1-5-21-3906589501-690843102-3982269896-512","PrincipalType":"Group","RightName":"WriteOwner","AceType":"","IsInherited":false},{"PrincipalSID":"S-1-5-21-3906589501-690843102-3982269896-512","PrincipalType":"Group","RightName":"GenericWrite","AceType":"","IsInherited":false},{"PrincipalSID":"S-1-5-21-3906589501-690843102-3982269896-519","PrincipalType":"Group","RightName":"WriteDacl","AceType":"","IsInherited":false},{"PrincipalSID":"S-1-5-21-3906589501-690843102-3982269896-519","PrincipalType":"Group","RightName":"WriteOwner","AceType":"","IsInherited":false},{"PrincipalSID":"S-1-5-21-3906589501-690843102-3982269896-519","PrincipalType":"Group","RightName":"GenericWrite","AceType":"","IsInherited":false}]},{"Properties":{"highvalue":false,"name":"NETWORK CONFIGURATION OPERATORS@THROWBACK.LOCAL","domain":"THROWBACK.LOCAL","objectid":"THROWBACK.LOCAL-S-1-5-32-556","distinguishedname":"CN=Network Configuration Operators,CN=Builtin,DC=THROWBACK,DC=local","description":"Members in this group can have some administrative privileges to manage configuration of networking features","admincount":false},"Members":[],"ObjectIdentifier":"THROWBACK.LOCAL-S-1-5-32-556","Aces":[{"PrincipalSID":"THROWBACK.LOCAL-S-1-5-32-544","PrincipalType":"Group","RightName":"Owner","AceType":"","IsInherited":false},{"PrincipalSID":"THROWBACK.LOCAL-S-1-5-32-548","PrincipalType":"Group","RightName":"GenericAll","AceType":"","IsInherited":false},{"PrincipalSID":"S-1-5-21-3906589501-690843102-3982269896-512","PrincipalType":"Group","RightName":"GenericAll","AceType":"","IsInherited":false},{"PrincipalSID":"S-1-5-21-3906589501-690843102-3982269896-519","PrincipalType":"Group","RightName":"GenericAll","AceType":"","IsInherited":true},{"PrincipalSID":"THROWBACK.LOCAL-S-1-5-32-544","PrincipalType":"Group","RightName":"WriteDacl","AceType":"","IsInherited":true},{"PrincipalSID":"THROWBACK.LOCAL-S-1-5-32-544","PrincipalType":"Group","RightName":"WriteOwner","AceType":"","IsInherited":true},{"PrincipalSID":"THROWBACK.LOCAL-S-1-5-32-544","PrincipalType":"Group","RightName":"GenericWrite","AceType":"","IsInherited":true},{"PrincipalSID":"S-1-5-21-3906589501-690843102-3982269896-1208","PrincipalType":"Unknown","RightName":"WriteProperty","AceType":"AddMember","IsInherited":true},{"PrincipalSID":"S-1-5-21-3906589501-690843102-3982269896-1208","PrincipalType":"Unknown","RightName":"GenericAll","AceType":"","IsInherited":true}]},{"Properties":{"highvalue":false,"name":"DISTRIBUTED COM USERS@THROWBACK.LOCAL","domain":"THROWBACK.LOCAL","objectid":"THROWBACK.LOCAL-S-1-5-32-562","distinguishedname":"CN=Distributed COM Users,CN=Builtin,DC=THROWBACK,DC=local","description":"Members are allowed to launch, activate and use Distributed COM objects on this machine.","admincount":false},"Members":[],"ObjectIdentifier":"THROWBACK.LOCAL-S-1-5-32-562","Aces":[{"PrincipalSID":"THROWBACK.LOCAL-S-1-5-32-544","PrincipalType":"Group","RightName":"Owner","AceType":"","IsInherited":false},{"PrincipalSID":"THROWBACK.LOCAL-S-1-5-32-548","PrincipalType":"Group","RightName":"GenericAll","AceType":"","IsInherited":false},{"PrincipalSID":"S-1-5-21-3906589501-690843102-3982269896-512","PrincipalType":"Group","RightName":"GenericAll","AceType":"","IsInherited":false},{"PrincipalSID":"S-1-5-21-3906589501-690843102-3982269896-519","PrincipalType":"Group","RightName":"GenericAll","AceType":"","IsInherited":true},{"PrincipalSID":"THROWBACK.LOCAL-S-1-5-32-544","PrincipalType":"Group","RightName":"WriteDacl","AceType":"","IsInherited":true},{"PrincipalSID":"THROWBACK.LOCAL-S-1-5-32-544","PrincipalType":"Group","RightName":"WriteOwner","AceType":"","IsInherited":true},{"PrincipalSID":"THROWBACK.LOCAL-S-1-5-32-544","PrincipalType":"Group","RightName":"GenericWrite","AceType":"","IsInherited":true},{"PrincipalSID":"S-1-5-21-3906589501-690843102-3982269896-1208","PrincipalType":"Unknown","RightName":"WriteProperty","AceType":"AddMember","IsInherited":true},{"PrincipalSID":"S-1-5-21-3906589501-690843102-3982269896-1208","PrincipalType":"Unknown","RightName":"GenericAll","AceType":"","IsInherited":true}]},{"Properties":{"highvalue":false,"name":"IIS_IUSRS@THROWBACK.LOCAL","domain":"THROWBACK.LOCAL","objectid":"THROWBACK.LOCAL-S-1-5-32-568","distinguishedname":"CN=IIS_IUSRS,CN=Builtin,DC=THROWBACK,DC=local","description":"Built-in group used by Internet Information Services.","admincount":false},"Members":[],"ObjectIdentifier":"THROWBACK.LOCAL-S-1-5-32-568","Aces":[{"PrincipalSID":"THROWBACK.LOCAL-S-1-5-32-544","PrincipalType":"Group","RightName":"Owner","AceType":"","IsInherited":false},{"PrincipalSID":"THROWBACK.LOCAL-S-1-5-32-548","PrincipalType":"Group","RightName":"GenericAll","AceType":"","IsInherited":false},{"PrincipalSID":"S-1-5-21-3906589501-690843102-3982269896-512","PrincipalType":"Group","RightName":"GenericAll","AceType":"","IsInherited":false},{"PrincipalSID":"S-1-5-21-3906589501-690843102-3982269896-519","PrincipalType":"Group","RightName":"GenericAll","AceType":"","IsInherited":true},{"PrincipalSID":"THROWBACK.LOCAL-S-1-5-32-544","PrincipalType":"Group","RightName":"WriteDacl","AceType":"","IsInherited":true},{"PrincipalSID":"THROWBACK.LOCAL-S-1-5-32-544","PrincipalType":"Group","RightName":"WriteOwner","AceType":"","IsInherited":true},{"PrincipalSID":"THROWBACK.LOCAL-S-1-5-32-544","PrincipalType":"Group","RightName":"GenericWrite","AceType":"","IsInherited":true},{"PrincipalSID":"S-1-5-21-3906589501-690843102-3982269896-1208","PrincipalType":"Unknown","RightName":"WriteProperty","AceType":"AddMember","IsInherited":true},{"PrincipalSID":"S-1-5-21-3906589501-690843102-3982269896-1208","PrincipalType":"Unknown","RightName":"GenericAll","AceType":"","IsInherited":true}]},{"Properties":{"highvalue":false,"name":"CRYPTOGRAPHIC OPERATORS@THROWBACK.LOCAL","domain":"THROWBACK.LOCAL","objectid":"THROWBACK.LOCAL-S-1-5-32-569","distinguishedname":"CN=Cryptographic Operators,CN=Builtin,DC=THROWBACK,DC=local","description":"Members are authorized to perform cryptographic operations.","admincount":false},"Members":[],"ObjectIdentifier":"THROWBACK.LOCAL-S-1-5-32-569","Aces":[{"PrincipalSID":"THROWBACK.LOCAL-S-1-5-32-544","PrincipalType":"Group","RightName":"Owner","AceType":"","IsInherited":false},{"PrincipalSID":"THROWBACK.LOCAL-S-1-5-32-548","PrincipalType":"Group","RightName":"GenericAll","AceType":"","IsInherited":false},{"PrincipalSID":"S-1-5-21-3906589501-690843102-3982269896-512","PrincipalType":"Group","RightName":"GenericAll","AceType":"","IsInherited":false},{"PrincipalSID":"S-1-5-21-3906589501-690843102-3982269896-519","PrincipalType":"Group","RightName":"GenericAll","AceType":"","IsInherited":true},{"PrincipalSID":"THROWBACK.LOCAL-S-1-5-32-544","PrincipalType":"Group","RightName":"WriteDacl","AceType":"","IsInherited":true},{"PrincipalSID":"THROWBACK.LOCAL-S-1-5-32-544","PrincipalType":"Group","RightName":"WriteOwner","AceType":"","IsInherited":true},{"PrincipalSID":"THROWBACK.LOCAL-S-1-5-32-544","PrincipalType":"Group","RightName":"GenericWrite","AceType":"","IsInherited":true},{"PrincipalSID":"S-1-5-21-3906589501-690843102-3982269896-1208","PrincipalType":"Unknown","RightName":"WriteProperty","AceType":"AddMember","IsInherited":true},{"PrincipalSID":"S-1-5-21-3906589501-690843102-3982269896-1208","PrincipalType":"Unknown","RightName":"GenericAll","AceType":"","IsInherited":true}]},{"Properties":{"highvalue":false,"name":"CERTIFICATE SERVICE DCOM ACCESS@THROWBACK.LOCAL","domain":"THROWBACK.LOCAL","objectid":"THROWBACK.LOCAL-S-1-5-32-574","distinguishedname":"CN=Certificate Service DCOM Access,CN=Builtin,DC=THROWBACK,DC=local","description":"Members of this group are allowed to connect to Certification Authorities in the enterprise","admincount":false},"Members":[],"ObjectIdentifier":"THROWBACK.LOCAL-S-1-5-32-574","Aces":[{"PrincipalSID":"THROWBACK.LOCAL-S-1-5-32-544","PrincipalType":"Group","RightName":"Owner","AceType":"","IsInherited":false},{"PrincipalSID":"THROWBACK.LOCAL-S-1-5-32-548","PrincipalType":"Group","RightName":"GenericAll","AceType":"","IsInherited":false},{"PrincipalSID":"S-1-5-21-3906589501-690843102-3982269896-512","PrincipalType":"Group","RightName":"GenericAll","AceType":"","IsInherited":false},{"PrincipalSID":"S-1-5-21-3906589501-690843102-3982269896-519","PrincipalType":"Group","RightName":"GenericAll","AceType":"","IsInherited":true},{"PrincipalSID":"THROWBACK.LOCAL-S-1-5-32-544","PrincipalType":"Group","RightName":"WriteDacl","AceType":"","IsInherited":true},{"PrincipalSID":"THROWBACK.LOCAL-S-1-5-32-544","PrincipalType":"Group","RightName":"WriteOwner","AceType":"","IsInherited":true},{"PrincipalSID":"THROWBACK.LOCAL-S-1-5-32-544","PrincipalType":"Group","RightName":"GenericWrite","AceType":"","IsInherited":true},{"PrincipalSID":"S-1-5-21-3906589501-690843102-3982269896-1208","PrincipalType":"Unknown","RightName":"WriteProperty","AceType":"AddMember","IsInherited":true},{"PrincipalSID":"S-1-5-21-3906589501-690843102-3982269896-1208","PrincipalType":"Unknown","RightName":"GenericAll","AceType":"","IsInherited":true}]},{"Properties":{"highvalue":false,"name":"EVENT LOG READERS@THROWBACK.LOCAL","domain":"THROWBACK.LOCAL","objectid":"THROWBACK.LOCAL-S-1-5-32-573","distinguishedname":"CN=Event Log Readers,CN=Builtin,DC=THROWBACK,DC=local","description":"Members of this group can read event logs from local machine","admincount":false},"Members":[],"ObjectIdentifier":"THROWBACK.LOCAL-S-1-5-32-573","Aces":[{"PrincipalSID":"THROWBACK.LOCAL-S-1-5-32-544","PrincipalType":"Group","RightName":"Owner","AceType":"","IsInherited":false},{"PrincipalSID":"THROWBACK.LOCAL-S-1-5-32-548","PrincipalType":"Group","RightName":"GenericAll","AceType":"","IsInherited":false},{"PrincipalSID":"S-1-5-21-3906589501-690843102-3982269896-512","PrincipalType":"Group","RightName":"GenericAll","AceType":"","IsInherited":false},{"PrincipalSID":"S-1-5-21-3906589501-690843102-3982269896-519","PrincipalType":"Group","RightName":"GenericAll","AceType":"","IsInherited":true},{"PrincipalSID":"THROWBACK.LOCAL-S-1-5-32-544","PrincipalType":"Group","RightName":"WriteDacl","AceType":"","IsInherited":true},{"PrincipalSID":"THROWBACK.LOCAL-S-1-5-32-544","PrincipalType":"Group","RightName":"WriteOwner","AceType":"","IsInherited":true},{"PrincipalSID":"THROWBACK.LOCAL-S-1-5-32-544","PrincipalType":"Group","RightName":"GenericWrite","AceType":"","IsInherited":true},{"PrincipalSID":"S-1-5-21-3906589501-690843102-3982269896-1208","PrincipalType":"Unknown","RightName":"WriteProperty","AceType":"AddMember","IsInherited":true},{"PrincipalSID":"S-1-5-21-3906589501-690843102-3982269896-1208","PrincipalType":"Unknown","RightName":"GenericAll","AceType":"","IsInherited":true}]},{"Properties":{"highvalue":true,"name":"PRINT OPERATORS@THROWBACK.LOCAL","domain":"THROWBACK.LOCAL","objectid":"THROWBACK.LOCAL-S-1-5-32-550","distinguishedname":"CN=Print Operators,CN=Builtin,DC=THROWBACK,DC=local","description":"Members can administer printers installed on domain controllers","admincount":true},"Members":[],"ObjectIdentifier":"THROWBACK.LOCAL-S-1-5-32-550","Aces":[{"PrincipalSID":"S-1-5-21-3906589501-690843102-3982269896-512","PrincipalType":"Group","RightName":"Owner","AceType":"","IsInherited":false},{"PrincipalSID":"THROWBACK.LOCAL-S-1-5-32-544","PrincipalType":"Group","RightName":"WriteDacl","AceType":"","IsInherited":false},{"PrincipalSID":"THROWBACK.LOCAL-S-1-5-32-544","PrincipalType":"Group","RightName":"WriteOwner","AceType":"","IsInherited":false},{"PrincipalSID":"THROWBACK.LOCAL-S-1-5-32-544","PrincipalType":"Group","RightName":"GenericWrite","AceType":"","IsInherited":false},{"PrincipalSID":"S-1-5-21-3906589501-690843102-3982269896-512","PrincipalType":"Group","RightName":"WriteDacl","AceType":"","IsInherited":false},{"PrincipalSID":"S-1-5-21-3906589501-690843102-3982269896-512","PrincipalType":"Group","RightName":"WriteOwner","AceType":"","IsInherited":false},{"PrincipalSID":"S-1-5-21-3906589501-690843102-3982269896-512","PrincipalType":"Group","RightName":"GenericWrite","AceType":"","IsInherited":false},{"PrincipalSID":"S-1-5-21-3906589501-690843102-3982269896-519","PrincipalType":"Group","RightName":"WriteDacl","AceType":"","IsInherited":false},{"PrincipalSID":"S-1-5-21-3906589501-690843102-3982269896-519","PrincipalType":"Group","RightName":"WriteOwner","AceType":"","IsInherited":false},{"PrincipalSID":"S-1-5-21-3906589501-690843102-3982269896-519","PrincipalType":"Group","RightName":"GenericWrite","AceType":"","IsInherited":false}]},{"Properties":{"highvalue":false,"name":"RDS MANAGEMENT SERVERS@THROWBACK.LOCAL","domain":"THROWBACK.LOCAL","objectid":"THROWBACK.LOCAL-S-1-5-32-577","distinguishedname":"CN=RDS Management Servers,CN=Builtin,DC=THROWBACK,DC=local","description":"Servers in this group can perform routine administrative actions on servers running Remote Desktop Services. This group needs to be populated on all servers in a Remote Desktop Services deployment. The servers running the RDS Central Management service must be included in this group.","admincount":false},"Members":[],"ObjectIdentifier":"THROWBACK.LOCAL-S-1-5-32-577","Aces":[{"PrincipalSID":"THROWBACK.LOCAL-S-1-5-32-544","PrincipalType":"Group","RightName":"Owner","AceType":"","IsInherited":false},{"PrincipalSID":"THROWBACK.LOCAL-S-1-5-32-548","PrincipalType":"Group","RightName":"GenericAll","AceType":"","IsInherited":false},{"PrincipalSID":"S-1-5-21-3906589501-690843102-3982269896-512","PrincipalType":"Group","RightName":"GenericAll","AceType":"","IsInherited":false},{"PrincipalSID":"S-1-5-21-3906589501-690843102-3982269896-519","PrincipalType":"Group","RightName":"GenericAll","AceType":"","IsInherited":true},{"PrincipalSID":"THROWBACK.LOCAL-S-1-5-32-544","PrincipalType":"Group","RightName":"WriteDacl","AceType":"","IsInherited":true},{"PrincipalSID":"THROWBACK.LOCAL-S-1-5-32-544","PrincipalType":"Group","RightName":"WriteOwner","AceType":"","IsInherited":true},{"PrincipalSID":"THROWBACK.LOCAL-S-1-5-32-544","PrincipalType":"Group","RightName":"GenericWrite","AceType":"","IsInherited":true},{"PrincipalSID":"S-1-5-21-3906589501-690843102-3982269896-1208","PrincipalType":"Unknown","RightName":"WriteProperty","AceType":"AddMember","IsInherited":true},{"PrincipalSID":"S-1-5-21-3906589501-690843102-3982269896-1208","PrincipalType":"Unknown","RightName":"GenericAll","AceType":"","IsInherited":true}]},{"Properties":{"highvalue":false,"name":"RDS REMOTE ACCESS SERVERS@THROWBACK.LOCAL","domain":"THROWBACK.LOCAL","objectid":"THROWBACK.LOCAL-S-1-5-32-575","distinguishedname":"CN=RDS Remote Access Servers,CN=Builtin,DC=THROWBACK,DC=local","description":"Servers in this group enable users of RemoteApp programs and personal virtual desktops access to these resources. In Internet-facing deployments, these servers are typically deployed in an edge network. This group needs to be populated on servers running RD Connection Broker. RD Gateway servers and RD Web Access servers used in the deployment need to be in this group.","admincount":false},"Members":[],"ObjectIdentifier":"THROWBACK.LOCAL-S-1-5-32-575","Aces":[{"PrincipalSID":"THROWBACK.LOCAL-S-1-5-32-544","PrincipalType":"Group","RightName":"Owner","AceType":"","IsInherited":false},{"PrincipalSID":"THROWBACK.LOCAL-S-1-5-32-548","PrincipalType":"Group","RightName":"GenericAll","AceType":"","IsInherited":false},{"PrincipalSID":"S-1-5-21-3906589501-690843102-3982269896-512","PrincipalType":"Group","RightName":"GenericAll","AceType":"","IsInherited":false},{"PrincipalSID":"S-1-5-21-3906589501-690843102-3982269896-519","PrincipalType":"Group","RightName":"GenericAll","AceType":"","IsInherited":true},{"PrincipalSID":"THROWBACK.LOCAL-S-1-5-32-544","PrincipalType":"Group","RightName":"WriteDacl","AceType":"","IsInherited":true},{"PrincipalSID":"THROWBACK.LOCAL-S-1-5-32-544","PrincipalType":"Group","RightName":"WriteOwner","AceType":"","IsInherited":true},{"PrincipalSID":"THROWBACK.LOCAL-S-1-5-32-544","PrincipalType":"Group","RightName":"GenericWrite","AceType":"","IsInherited":true},{"PrincipalSID":"S-1-5-21-3906589501-690843102-3982269896-1208","PrincipalType":"Unknown","RightName":"WriteProperty","AceType":"AddMember","IsInherited":true},{"PrincipalSID":"S-1-5-21-3906589501-690843102-3982269896-1208","PrincipalType":"Unknown","RightName":"GenericAll","AceType":"","IsInherited":true}]},{"Properties":{"highvalue":false,"name":"HYPER-V ADMINISTRATORS@THROWBACK.LOCAL","domain":"THROWBACK.LOCAL","objectid":"THROWBACK.LOCAL-S-1-5-32-578","distinguishedname":"CN=Hyper-V Administrators,CN=Builtin,DC=THROWBACK,DC=local","description":"Members of this group have complete and unrestricted access to all features of Hyper-V.","admincount":false},"Members":[],"ObjectIdentifier":"THROWBACK.LOCAL-S-1-5-32-578","Aces":[{"PrincipalSID":"THROWBACK.LOCAL-S-1-5-32-544","PrincipalType":"Group","RightName":"Owner","AceType":"","IsInherited":false},{"PrincipalSID":"THROWBACK.LOCAL-S-1-5-32-548","PrincipalType":"Group","RightName":"GenericAll","AceType":"","IsInherited":false},{"PrincipalSID":"S-1-5-21-3906589501-690843102-3982269896-512","PrincipalType":"Group","RightName":"GenericAll","AceType":"","IsInherited":false},{"PrincipalSID":"S-1-5-21-3906589501-690843102-3982269896-519","PrincipalType":"Group","RightName":"GenericAll","AceType":"","IsInherited":true},{"PrincipalSID":"THROWBACK.LOCAL-S-1-5-32-544","PrincipalType":"Group","RightName":"WriteDacl","AceType":"","IsInherited":true},{"PrincipalSID":"THROWBACK.LOCAL-S-1-5-32-544","PrincipalType":"Group","RightName":"WriteOwner","AceType":"","IsInherited":true},{"PrincipalSID":"THROWBACK.LOCAL-S-1-5-32-544","PrincipalType":"Group","RightName":"GenericWrite","AceType":"","IsInherited":true},{"PrincipalSID":"S-1-5-21-3906589501-690843102-3982269896-1208","PrincipalType":"Unknown","RightName":"WriteProperty","AceType":"AddMember","IsInherited":true},{"PrincipalSID":"S-1-5-21-3906589501-690843102-3982269896-1208","PrincipalType":"Unknown","RightName":"GenericAll","AceType":"","IsInherited":true}]},{"Properties":{"highvalue":false,"name":"RDS ENDPOINT SERVERS@THROWBACK.LOCAL","domain":"THROWBACK.LOCAL","objectid":"THROWBACK.LOCAL-S-1-5-32-576","distinguishedname":"CN=RDS Endpoint Servers,CN=Builtin,DC=THROWBACK,DC=local","description":"Servers in this group run virtual machines and host sessions where users RemoteApp programs and personal virtual desktops run. This group needs to be populated on servers running RD Connection Broker. RD Session Host servers and RD Virtualization Host servers used in the deployment need to be in this group.","admincount":false},"Members":[],"ObjectIdentifier":"THROWBACK.LOCAL-S-1-5-32-576","Aces":[{"PrincipalSID":"THROWBACK.LOCAL-S-1-5-32-544","PrincipalType":"Group","RightName":"Owner","AceType":"","IsInherited":false},{"PrincipalSID":"THROWBACK.LOCAL-S-1-5-32-548","PrincipalType":"Group","RightName":"GenericAll","AceType":"","IsInherited":false},{"PrincipalSID":"S-1-5-21-3906589501-690843102-3982269896-512","PrincipalType":"Group","RightName":"GenericAll","AceType":"","IsInherited":false},{"PrincipalSID":"S-1-5-21-3906589501-690843102-3982269896-519","PrincipalType":"Group","RightName":"GenericAll","AceType":"","IsInherited":true},{"PrincipalSID":"THROWBACK.LOCAL-S-1-5-32-544","PrincipalType":"Group","RightName":"WriteDacl","AceType":"","IsInherited":true},{"PrincipalSID":"THROWBACK.LOCAL-S-1-5-32-544","PrincipalType":"Group","RightName":"WriteOwner","AceType":"","IsInherited":true},{"PrincipalSID":"THROWBACK.LOCAL-S-1-5-32-544","PrincipalType":"Group","RightName":"GenericWrite","AceType":"","IsInherited":true},{"PrincipalSID":"S-1-5-21-3906589501-690843102-3982269896-1208","PrincipalType":"Unknown","RightName":"WriteProperty","AceType":"AddMember","IsInherited":true},{"PrincipalSID":"S-1-5-21-3906589501-690843102-3982269896-1208","PrincipalType":"Unknown","RightName":"GenericAll","AceType":"","IsInherited":true}]},{"Properties":{"highvalue":true,"name":"BACKUP OPERATORS@THROWBACK.LOCAL","domain":"THROWBACK.LOCAL","objectid":"THROWBACK.LOCAL-S-1-5-32-551","distinguishedname":"CN=Backup Operators,CN=Builtin,DC=THROWBACK,DC=local","description":"Backup Operators can override security restrictions for the sole purpose of backing up or restoring files","admincount":true},"Members":[],"ObjectIdentifier":"THROWBACK.LOCAL-S-1-5-32-551","Aces":[{"PrincipalSID":"S-1-5-21-3906589501-690843102-3982269896-512","PrincipalType":"Group","RightName":"Owner","AceType":"","IsInherited":false},{"PrincipalSID":"THROWBACK.LOCAL-S-1-5-32-544","PrincipalType":"Group","RightName":"WriteDacl","AceType":"","IsInherited":false},{"PrincipalSID":"THROWBACK.LOCAL-S-1-5-32-544","PrincipalType":"Group","RightName":"WriteOwner","AceType":"","IsInherited":false},{"PrincipalSID":"THROWBACK.LOCAL-S-1-5-32-544","PrincipalType":"Group","RightName":"GenericWrite","AceType":"","IsInherited":false},{"PrincipalSID":"S-1-5-21-3906589501-690843102-3982269896-512","PrincipalType":"Group","RightName":"WriteDacl","AceType":"","IsInherited":false},{"PrincipalSID":"S-1-5-21-3906589501-690843102-3982269896-512","PrincipalType":"Group","RightName":"WriteOwner","AceType":"","IsInherited":false},{"PrincipalSID":"S-1-5-21-3906589501-690843102-3982269896-512","PrincipalType":"Group","RightName":"GenericWrite","AceType":"","IsInherited":false},{"PrincipalSID":"S-1-5-21-3906589501-690843102-3982269896-519","PrincipalType":"Group","RightName":"WriteDacl","AceType":"","IsInherited":false},{"PrincipalSID":"S-1-5-21-3906589501-690843102-3982269896-519","PrincipalType":"Group","RightName":"WriteOwner","AceType":"","IsInherited":false},{"PrincipalSID":"S-1-5-21-3906589501-690843102-3982269896-519","PrincipalType":"Group","RightName":"GenericWrite","AceType":"","IsInherited":false}]},{"Properties":{"highvalue":false,"name":"STORAGE REPLICA ADMINISTRATORS@THROWBACK.LOCAL","domain":"THROWBACK.LOCAL","objectid":"S-1-5-32-582","distinguishedname":"CN=Storage Replica Administrators,CN=Builtin,DC=THROWBACK,DC=local","description":"Members of this group have complete and unrestricted access to all features of Storage Replica.","admincount":false},"Members":[],"ObjectIdentifier":"S-1-5-32-582","Aces":[{"PrincipalSID":"THROWBACK.LOCAL-S-1-5-32-544","PrincipalType":"Group","RightName":"Owner","AceType":"","IsInherited":false},{"PrincipalSID":"THROWBACK.LOCAL-S-1-5-32-548","PrincipalType":"Group","RightName":"GenericAll","AceType":"","IsInherited":false},{"PrincipalSID":"S-1-5-21-3906589501-690843102-3982269896-512","PrincipalType":"Group","RightName":"GenericAll","AceType":"","IsInherited":false},{"PrincipalSID":"S-1-5-21-3906589501-690843102-3982269896-519","PrincipalType":"Group","RightName":"GenericAll","AceType":"","IsInherited":true},{"PrincipalSID":"THROWBACK.LOCAL-S-1-5-32-544","PrincipalType":"Group","RightName":"WriteDacl","AceType":"","IsInherited":true},{"PrincipalSID":"THROWBACK.LOCAL-S-1-5-32-544","PrincipalType":"Group","RightName":"WriteOwner","AceType":"","IsInherited":true},{"PrincipalSID":"THROWBACK.LOCAL-S-1-5-32-544","PrincipalType":"Group","RightName":"GenericWrite","AceType":"","IsInherited":true},{"PrincipalSID":"S-1-5-21-3906589501-690843102-3982269896-1208","PrincipalType":"Unknown","RightName":"WriteProperty","AceType":"AddMember","IsInherited":true},{"PrincipalSID":"S-1-5-21-3906589501-690843102-3982269896-1208","PrincipalType":"Unknown","RightName":"GenericAll","AceType":"","IsInherited":true}]},{"Properties":{"highvalue":false,"name":"PRE-WINDOWS 2000 COMPATIBLE ACCESS@THROWBACK.LOCAL","domain":"THROWBACK.LOCAL","objectid":"THROWBACK.LOCAL-S-1-5-32-554","distinguishedname":"CN=Pre-Windows 2000 Compatible Access,CN=Builtin,DC=THROWBACK,DC=local","description":"A backward compatibility group which allows read access on all users and groups in the domain","admincount":false},"Members":[{"MemberId":"THROWBACK.LOCAL-S-1-5-11","MemberType":"Group"}],"ObjectIdentifier":"THROWBACK.LOCAL-S-1-5-32-554","Aces":[{"PrincipalSID":"S-1-5-21-3906589501-690843102-3982269896-512","PrincipalType":"Group","RightName":"Owner","AceType":"","IsInherited":false},{"PrincipalSID":"THROWBACK.LOCAL-S-1-5-32-548","PrincipalType":"Group","RightName":"GenericAll","AceType":"","IsInherited":false},{"PrincipalSID":"S-1-5-21-3906589501-690843102-3982269896-512","PrincipalType":"Group","RightName":"GenericAll","AceType":"","IsInherited":false},{"PrincipalSID":"S-1-5-21-3906589501-690843102-3982269896-519","PrincipalType":"Group","RightName":"GenericAll","AceType":"","IsInherited":true},{"PrincipalSID":"THROWBACK.LOCAL-S-1-5-32-544","PrincipalType":"Group","RightName":"WriteDacl","AceType":"","IsInherited":true},{"PrincipalSID":"THROWBACK.LOCAL-S-1-5-32-544","PrincipalType":"Group","RightName":"WriteOwner","AceType":"","IsInherited":true},{"PrincipalSID":"THROWBACK.LOCAL-S-1-5-32-544","PrincipalType":"Group","RightName":"GenericWrite","AceType":"","IsInherited":true},{"PrincipalSID":"S-1-5-21-3906589501-690843102-3982269896-1208","PrincipalType":"Unknown","RightName":"WriteProperty","AceType":"AddMember","IsInherited":true},{"PrincipalSID":"S-1-5-21-3906589501-690843102-3982269896-1208","PrincipalType":"Unknown","RightName":"GenericAll","AceType":"","IsInherited":true}]},{"Properties":{"highvalue":false,"name":"PERFORMANCE MONITOR USERS@THROWBACK.LOCAL","domain":"THROWBACK.LOCAL","objectid":"THROWBACK.LOCAL-S-1-5-32-558","distinguishedname":"CN=Performance Monitor Users,CN=Builtin,DC=THROWBACK,DC=local","description":"Members of this group can access performance counter data locally and remotely","admincount":false},"Members":[],"ObjectIdentifier":"THROWBACK.LOCAL-S-1-5-32-558","Aces":[{"PrincipalSID":"THROWBACK.LOCAL-S-1-5-32-544","PrincipalType":"Group","RightName":"Owner","AceType":"","IsInherited":false},{"PrincipalSID":"THROWBACK.LOCAL-S-1-5-32-548","PrincipalType":"Group","RightName":"GenericAll","AceType":"","IsInherited":false},{"PrincipalSID":"S-1-5-21-3906589501-690843102-3982269896-512","PrincipalType":"Group","RightName":"GenericAll","AceType":"","IsInherited":false},{"PrincipalSID":"S-1-5-21-3906589501-690843102-3982269896-519","PrincipalType":"Group","RightName":"GenericAll","AceType":"","IsInherited":true},{"PrincipalSID":"THROWBACK.LOCAL-S-1-5-32-544","PrincipalType":"Group","RightName":"WriteDacl","AceType":"","IsInherited":true},{"PrincipalSID":"THROWBACK.LOCAL-S-1-5-32-544","PrincipalType":"Group","RightName":"WriteOwner","AceType":"","IsInherited":true},{"PrincipalSID":"THROWBACK.LOCAL-S-1-5-32-544","PrincipalType":"Group","RightName":"GenericWrite","AceType":"","IsInherited":true},{"PrincipalSID":"S-1-5-21-3906589501-690843102-3982269896-1208","PrincipalType":"Unknown","RightName":"WriteProperty","AceType":"AddMember","IsInherited":true},{"PrincipalSID":"S-1-5-21-3906589501-690843102-3982269896-1208","PrincipalType":"Unknown","RightName":"GenericAll","AceType":"","IsInherited":true}]},{"Properties":{"highvalue":false,"name":"PERFORMANCE LOG USERS@THROWBACK.LOCAL","domain":"THROWBACK.LOCAL","objectid":"THROWBACK.LOCAL-S-1-5-32-559","distinguishedname":"CN=Performance Log Users,CN=Builtin,DC=THROWBACK,DC=local","description":"Members of this group may schedule logging of performance counters, enable trace providers, and collect event traces both locally and via remote access to this computer","admincount":false},"Members":[],"ObjectIdentifier":"THROWBACK.LOCAL-S-1-5-32-559","Aces":[{"PrincipalSID":"THROWBACK.LOCAL-S-1-5-32-544","PrincipalType":"Group","RightName":"Owner","AceType":"","IsInherited":false},{"PrincipalSID":"THROWBACK.LOCAL-S-1-5-32-548","PrincipalType":"Group","RightName":"GenericAll","AceType":"","IsInherited":false},{"PrincipalSID":"S-1-5-21-3906589501-690843102-3982269896-512","PrincipalType":"Group","RightName":"GenericAll","AceType":"","IsInherited":false},{"PrincipalSID":"S-1-5-21-3906589501-690843102-3982269896-519","PrincipalType":"Group","RightName":"GenericAll","AceType":"","IsInherited":true},{"PrincipalSID":"THROWBACK.LOCAL-S-1-5-32-544","PrincipalType":"Group","RightName":"WriteDacl","AceType":"","IsInherited":true},{"PrincipalSID":"THROWBACK.LOCAL-S-1-5-32-544","PrincipalType":"Group","RightName":"WriteOwner","AceType":"","IsInherited":true},{"PrincipalSID":"THROWBACK.LOCAL-S-1-5-32-544","PrincipalType":"Group","RightName":"GenericWrite","AceType":"","IsInherited":true},{"PrincipalSID":"S-1-5-21-3906589501-690843102-3982269896-1208","PrincipalType":"Unknown","RightName":"WriteProperty","AceType":"AddMember","IsInherited":true},{"PrincipalSID":"S-1-5-21-3906589501-690843102-3982269896-1208","PrincipalType":"Unknown","RightName":"GenericAll","AceType":"","IsInherited":true}]},{"Properties":{"highvalue":false,"name":"REMOTE MANAGEMENT USERS@THROWBACK.LOCAL","domain":"THROWBACK.LOCAL","objectid":"THROWBACK.LOCAL-S-1-5-32-580","distinguishedname":"CN=Remote Management Users,CN=Builtin,DC=THROWBACK,DC=local","description":"Members of this group can access WMI resources over management protocols (such as WS-Management via the Windows Remote Management service). This applies only to WMI namespaces that grant access to the user.","admincount":false},"Members":[],"ObjectIdentifier":"THROWBACK.LOCAL-S-1-5-32-580","Aces":[{"PrincipalSID":"THROWBACK.LOCAL-S-1-5-32-544","PrincipalType":"Group","RightName":"Owner","AceType":"","IsInherited":false},{"PrincipalSID":"THROWBACK.LOCAL-S-1-5-32-548","PrincipalType":"Group","RightName":"GenericAll","AceType":"","IsInherited":false},{"PrincipalSID":"S-1-5-21-3906589501-690843102-3982269896-512","PrincipalType":"Group","RightName":"GenericAll","AceType":"","IsInherited":false},{"PrincipalSID":"S-1-5-21-3906589501-690843102-3982269896-519","PrincipalType":"Group","RightName":"GenericAll","AceType":"","IsInherited":true},{"PrincipalSID":"THROWBACK.LOCAL-S-1-5-32-544","PrincipalType":"Group","RightName":"WriteDacl","AceType":"","IsInherited":true},{"PrincipalSID":"THROWBACK.LOCAL-S-1-5-32-544","PrincipalType":"Group","RightName":"WriteOwner","AceType":"","IsInherited":true},{"PrincipalSID":"THROWBACK.LOCAL-S-1-5-32-544","PrincipalType":"Group","RightName":"GenericWrite","AceType":"","IsInherited":true},{"PrincipalSID":"S-1-5-21-3906589501-690843102-3982269896-1208","PrincipalType":"Unknown","RightName":"WriteProperty","AceType":"AddMember","IsInherited":true},{"PrincipalSID":"S-1-5-21-3906589501-690843102-3982269896-1208","PrincipalType":"Unknown","RightName":"GenericAll","AceType":"","IsInherited":true}]},{"Properties":{"highvalue":true,"name":"ACCOUNT OPERATORS@THROWBACK.LOCAL","domain":"THROWBACK.LOCAL","objectid":"THROWBACK.LOCAL-S-1-5-32-548","distinguishedname":"CN=Account Operators,CN=Builtin,DC=THROWBACK,DC=local","description":"Members can administer domain user and group accounts","admincount":true},"Members":[],"ObjectIdentifier":"THROWBACK.LOCAL-S-1-5-32-548","Aces":[{"PrincipalSID":"S-1-5-21-3906589501-690843102-3982269896-512","PrincipalType":"Group","RightName":"Owner","AceType":"","IsInherited":false},{"PrincipalSID":"THROWBACK.LOCAL-S-1-5-32-544","PrincipalType":"Group","RightName":"WriteDacl","AceType":"","IsInherited":false},{"PrincipalSID":"THROWBACK.LOCAL-S-1-5-32-544","PrincipalType":"Group","RightName":"WriteOwner","AceType":"","IsInherited":false},{"PrincipalSID":"THROWBACK.LOCAL-S-1-5-32-544","PrincipalType":"Group","RightName":"GenericWrite","AceType":"","IsInherited":false},{"PrincipalSID":"S-1-5-21-3906589501-690843102-3982269896-512","PrincipalType":"Group","RightName":"WriteDacl","AceType":"","IsInherited":false},{"PrincipalSID":"S-1-5-21-3906589501-690843102-3982269896-512","PrincipalType":"Group","RightName":"WriteOwner","AceType":"","IsInherited":false},{"PrincipalSID":"S-1-5-21-3906589501-690843102-3982269896-512","PrincipalType":"Group","RightName":"GenericWrite","AceType":"","IsInherited":false},{"PrincipalSID":"S-1-5-21-3906589501-690843102-3982269896-519","PrincipalType":"Group","RightName":"WriteDacl","AceType":"","IsInherited":false},{"PrincipalSID":"S-1-5-21-3906589501-690843102-3982269896-519","PrincipalType":"Group","RightName":"WriteOwner","AceType":"","IsInherited":false},{"PrincipalSID":"S-1-5-21-3906589501-690843102-3982269896-519","PrincipalType":"Group","RightName":"GenericWrite","AceType":"","IsInherited":false}]},{"Properties":{"highvalue":false,"name":"ACCESS CONTROL ASSISTANCE OPERATORS@THROWBACK.LOCAL","domain":"THROWBACK.LOCAL","objectid":"THROWBACK.LOCAL-S-1-5-32-579","distinguishedname":"CN=Access Control Assistance Operators,CN=Builtin,DC=THROWBACK,DC=local","description":"Members of this group can remotely query authorization attributes and permissions for resources on this computer.","admincount":false},"Members":[],"ObjectIdentifier":"THROWBACK.LOCAL-S-1-5-32-579","Aces":[{"PrincipalSID":"THROWBACK.LOCAL-S-1-5-32-544","PrincipalType":"Group","RightName":"Owner","AceType":"","IsInherited":false},{"PrincipalSID":"THROWBACK.LOCAL-S-1-5-32-548","PrincipalType":"Group","RightName":"GenericAll","AceType":"","IsInherited":false},{"PrincipalSID":"S-1-5-21-3906589501-690843102-3982269896-512","PrincipalType":"Group","RightName":"GenericAll","AceType":"","IsInherited":false},{"PrincipalSID":"S-1-5-21-3906589501-690843102-3982269896-519","PrincipalType":"Group","RightName":"GenericAll","AceType":"","IsInherited":true},{"PrincipalSID":"THROWBACK.LOCAL-S-1-5-32-544","PrincipalType":"Group","RightName":"WriteDacl","AceType":"","IsInherited":true},{"PrincipalSID":"THROWBACK.LOCAL-S-1-5-32-544","PrincipalType":"Group","RightName":"WriteOwner","AceType":"","IsInherited":true},{"PrincipalSID":"THROWBACK.LOCAL-S-1-5-32-544","PrincipalType":"Group","RightName":"GenericWrite","AceType":"","IsInherited":true},{"PrincipalSID":"S-1-5-21-3906589501-690843102-3982269896-1208","PrincipalType":"Unknown","RightName":"WriteProperty","AceType":"AddMember","IsInherited":true},{"PrincipalSID":"S-1-5-21-3906589501-690843102-3982269896-1208","PrincipalType":"Unknown","RightName":"GenericAll","AceType":"","IsInherited":true}]},{"Properties":{"highvalue":false,"name":"CERT PUBLISHERS@THROWBACK.LOCAL","domain":"THROWBACK.LOCAL","objectid":"S-1-5-21-3906589501-690843102-3982269896-517","distinguishedname":"CN=Cert Publishers,OU=Groups,DC=THROWBACK,DC=local","description":"Members of this group are permitted to publish certificates to the directory","admincount":false},"Members":[],"ObjectIdentifier":"S-1-5-21-3906589501-690843102-3982269896-517","Aces":[{"PrincipalSID":"S-1-5-21-3906589501-690843102-3982269896-512","PrincipalType":"Group","RightName":"Owner","AceType":"","IsInherited":false},{"PrincipalSID":"THROWBACK.LOCAL-S-1-5-32-548","PrincipalType":"Group","RightName":"GenericAll","AceType":"","IsInherited":false},{"PrincipalSID":"S-1-5-21-3906589501-690843102-3982269896-512","PrincipalType":"Group","RightName":"GenericAll","AceType":"","IsInherited":false},{"PrincipalSID":"S-1-5-21-3906589501-690843102-3982269896-1208","PrincipalType":"Unknown","RightName":"WriteProperty","AceType":"AddMember","IsInherited":true},{"PrincipalSID":"S-1-5-21-3906589501-690843102-3982269896-519","PrincipalType":"Group","RightName":"GenericAll","AceType":"","IsInherited":true},{"PrincipalSID":"S-1-5-21-3906589501-690843102-3982269896-1208","PrincipalType":"Unknown","RightName":"GenericAll","AceType":"","IsInherited":true},{"PrincipalSID":"THROWBACK.LOCAL-S-1-5-32-544","PrincipalType":"Group","RightName":"WriteDacl","AceType":"","IsInherited":true},{"PrincipalSID":"THROWBACK.LOCAL-S-1-5-32-544","PrincipalType":"Group","RightName":"WriteOwner","AceType":"","IsInherited":true},{"PrincipalSID":"THROWBACK.LOCAL-S-1-5-32-544","PrincipalType":"Group","RightName":"GenericWrite","AceType":"","IsInherited":true}]},{"Properties":{"highvalue":false,"name":"RAS AND IAS SERVERS@THROWBACK.LOCAL","domain":"THROWBACK.LOCAL","objectid":"S-1-5-21-3906589501-690843102-3982269896-553","distinguishedname":"CN=RAS and IAS Servers,OU=Groups,DC=THROWBACK,DC=local","description":"Servers in this group can access remote access properties of users","admincount":false},"Members":[],"ObjectIdentifier":"S-1-5-21-3906589501-690843102-3982269896-553","Aces":[{"PrincipalSID":"S-1-5-21-3906589501-690843102-3982269896-512","PrincipalType":"Group","RightName":"Owner","AceType":"","IsInherited":false},{"PrincipalSID":"THROWBACK.LOCAL-S-1-5-32-548","PrincipalType":"Group","RightName":"GenericAll","AceType":"","IsInherited":false},{"PrincipalSID":"S-1-5-21-3906589501-690843102-3982269896-512","PrincipalType":"Group","RightName":"GenericAll","AceType":"","IsInherited":false},{"PrincipalSID":"S-1-5-21-3906589501-690843102-3982269896-1208","PrincipalType":"Unknown","RightName":"WriteProperty","AceType":"AddMember","IsInherited":true},{"PrincipalSID":"S-1-5-21-3906589501-690843102-3982269896-519","PrincipalType":"Group","RightName":"GenericAll","AceType":"","IsInherited":true},{"PrincipalSID":"S-1-5-21-3906589501-690843102-3982269896-1208","PrincipalType":"Unknown","RightName":"GenericAll","AceType":"","IsInherited":true},{"PrincipalSID":"THROWBACK.LOCAL-S-1-5-32-544","PrincipalType":"Group","RightName":"WriteDacl","AceType":"","IsInherited":true},{"PrincipalSID":"THROWBACK.LOCAL-S-1-5-32-544","PrincipalType":"Group","RightName":"WriteOwner","AceType":"","IsInherited":true},{"PrincipalSID":"THROWBACK.LOCAL-S-1-5-32-544","PrincipalType":"Group","RightName":"GenericWrite","AceType":"","IsInherited":true}]},{"Properties":{"highvalue":false,"name":"INCOMING FOREST TRUST BUILDERS@THROWBACK.LOCAL","domain":"THROWBACK.LOCAL","objectid":"THROWBACK.LOCAL-S-1-5-32-557","distinguishedname":"CN=Incoming Forest Trust Builders,CN=Builtin,DC=THROWBACK,DC=local","description":"Members of this group can create incoming, one-way trusts to this forest","admincount":false},"Members":[],"ObjectIdentifier":"THROWBACK.LOCAL-S-1-5-32-557","Aces":[{"PrincipalSID":"S-1-5-21-3906589501-690843102-3982269896-512","PrincipalType":"Group","RightName":"Owner","AceType":"","IsInherited":false},{"PrincipalSID":"THROWBACK.LOCAL-S-1-5-32-548","PrincipalType":"Group","RightName":"GenericAll","AceType":"","IsInherited":false},{"PrincipalSID":"S-1-5-21-3906589501-690843102-3982269896-512","PrincipalType":"Group","RightName":"GenericAll","AceType":"","IsInherited":false},{"PrincipalSID":"S-1-5-21-3906589501-690843102-3982269896-519","PrincipalType":"Group","RightName":"GenericAll","AceType":"","IsInherited":true},{"PrincipalSID":"THROWBACK.LOCAL-S-1-5-32-544","PrincipalType":"Group","RightName":"WriteDacl","AceType":"","IsInherited":true},{"PrincipalSID":"THROWBACK.LOCAL-S-1-5-32-544","PrincipalType":"Group","RightName":"WriteOwner","AceType":"","IsInherited":true},{"PrincipalSID":"THROWBACK.LOCAL-S-1-5-32-544","PrincipalType":"Group","RightName":"GenericWrite","AceType":"","IsInherited":true},{"PrincipalSID":"S-1-5-21-3906589501-690843102-3982269896-1208","PrincipalType":"Unknown","RightName":"WriteProperty","AceType":"AddMember","IsInherited":true},{"PrincipalSID":"S-1-5-21-3906589501-690843102-3982269896-1208","PrincipalType":"Unknown","RightName":"GenericAll","AceType":"","IsInherited":true}]},{"Properties":{"highvalue":false,"name":"ALLOWED RODC PASSWORD REPLICATION GROUP@THROWBACK.LOCAL","domain":"THROWBACK.LOCAL","objectid":"S-1-5-21-3906589501-690843102-3982269896-571","distinguishedname":"CN=Allowed RODC Password Replication Group,OU=Groups,DC=THROWBACK,DC=local","description":"Members in this group can have their passwords replicated to all read-only domain controllers in the domain","admincount":false},"Members":[],"ObjectIdentifier":"S-1-5-21-3906589501-690843102-3982269896-571","Aces":[{"PrincipalSID":"S-1-5-21-3906589501-690843102-3982269896-512","PrincipalType":"Group","RightName":"Owner","AceType":"","IsInherited":false},{"PrincipalSID":"THROWBACK.LOCAL-S-1-5-32-548","PrincipalType":"Group","RightName":"GenericAll","AceType":"","IsInherited":false},{"PrincipalSID":"S-1-5-21-3906589501-690843102-3982269896-512","PrincipalType":"Group","RightName":"GenericAll","AceType":"","IsInherited":false},{"PrincipalSID":"S-1-5-21-3906589501-690843102-3982269896-1208","PrincipalType":"Unknown","RightName":"WriteProperty","AceType":"AddMember","IsInherited":true},{"PrincipalSID":"S-1-5-21-3906589501-690843102-3982269896-519","PrincipalType":"Group","RightName":"GenericAll","AceType":"","IsInherited":true},{"PrincipalSID":"S-1-5-21-3906589501-690843102-3982269896-1208","PrincipalType":"Unknown","RightName":"GenericAll","AceType":"","IsInherited":true},{"PrincipalSID":"THROWBACK.LOCAL-S-1-5-32-544","PrincipalType":"Group","RightName":"WriteDacl","AceType":"","IsInherited":true},{"PrincipalSID":"THROWBACK.LOCAL-S-1-5-32-544","PrincipalType":"Group","RightName":"WriteOwner","AceType":"","IsInherited":true},{"PrincipalSID":"THROWBACK.LOCAL-S-1-5-32-544","PrincipalType":"Group","RightName":"GenericWrite","AceType":"","IsInherited":true}]},{"Properties":{"highvalue":false,"name":"DENIED RODC PASSWORD REPLICATION GROUP@THROWBACK.LOCAL","domain":"THROWBACK.LOCAL","objectid":"S-1-5-21-3906589501-690843102-3982269896-572","distinguishedname":"CN=Denied RODC Password Replication Group,OU=Groups,DC=THROWBACK,DC=local","description":"Members in this group cannot have their passwords replicated to any read-only domain controllers in the domain","admincount":false},"Members":[{"MemberId":"S-1-5-21-3906589501-690843102-3982269896-521","MemberType":"Group"},{"MemberId":"S-1-5-21-3906589501-690843102-3982269896-520","MemberType":"Group"},{"MemberId":"S-1-5-21-3906589501-690843102-3982269896-512","MemberType":"Group"},{"MemberId":"S-1-5-21-3906589501-690843102-3982269896-517","MemberType":"Group"},{"MemberId":"S-1-5-21-3906589501-690843102-3982269896-519","MemberType":"Group"},{"MemberId":"S-1-5-21-3906589501-690843102-3982269896-518","MemberType":"Group"},{"MemberId":"S-1-5-21-3906589501-690843102-3982269896-516","MemberType":"Group"},{"MemberId":"S-1-5-21-3906589501-690843102-3982269896-502","MemberType":"User"}],"ObjectIdentifier":"S-1-5-21-3906589501-690843102-3982269896-572","Aces":[{"PrincipalSID":"S-1-5-21-3906589501-690843102-3982269896-512","PrincipalType":"Group","RightName":"Owner","AceType":"","IsInherited":false},{"PrincipalSID":"THROWBACK.LOCAL-S-1-5-32-548","PrincipalType":"Group","RightName":"GenericAll","AceType":"","IsInherited":false},{"PrincipalSID":"S-1-5-21-3906589501-690843102-3982269896-512","PrincipalType":"Group","RightName":"GenericAll","AceType":"","IsInherited":false},{"PrincipalSID":"S-1-5-21-3906589501-690843102-3982269896-1208","PrincipalType":"Unknown","RightName":"WriteProperty","AceType":"AddMember","IsInherited":true},{"PrincipalSID":"S-1-5-21-3906589501-690843102-3982269896-519","PrincipalType":"Group","RightName":"GenericAll","AceType":"","IsInherited":true},{"PrincipalSID":"S-1-5-21-3906589501-690843102-3982269896-1208","PrincipalType":"Unknown","RightName":"GenericAll","AceType":"","IsInherited":true},{"PrincipalSID":"THROWBACK.LOCAL-S-1-5-32-544","PrincipalType":"Group","RightName":"WriteDacl","AceType":"","IsInherited":true},{"PrincipalSID":"THROWBACK.LOCAL-S-1-5-32-544","PrincipalType":"Group","RightName":"WriteOwner","AceType":"","IsInherited":true},{"PrincipalSID":"THROWBACK.LOCAL-S-1-5-32-544","PrincipalType":"Group","RightName":"GenericWrite","AceType":"","IsInherited":true}]},{"Properties":{"highvalue":false,"name":"SCHEMA ADMINS@THROWBACK.LOCAL","domain":"THROWBACK.LOCAL","objectid":"S-1-5-21-3906589501-690843102-3982269896-518","distinguishedname":"CN=Schema Admins,OU=Groups,DC=THROWBACK,DC=local","description":"Designated administrators of the schema","admincount":true},"Members":[{"MemberId":"S-1-5-21-3906589501-690843102-3982269896-1206","MemberType":"User"},{"MemberId":"S-1-5-21-3906589501-690843102-3982269896-500","MemberType":"User"}],"ObjectIdentifier":"S-1-5-21-3906589501-690843102-3982269896-518","Aces":[{"PrincipalSID":"S-1-5-21-3906589501-690843102-3982269896-512","PrincipalType":"Group","RightName":"Owner","AceType":"","IsInherited":false},{"PrincipalSID":"THROWBACK.LOCAL-S-1-5-32-544","PrincipalType":"Group","RightName":"WriteDacl","AceType":"","IsInherited":false},{"PrincipalSID":"THROWBACK.LOCAL-S-1-5-32-544","PrincipalType":"Group","RightName":"WriteOwner","AceType":"","IsInherited":false},{"PrincipalSID":"THROWBACK.LOCAL-S-1-5-32-544","PrincipalType":"Group","RightName":"GenericWrite","AceType":"","IsInherited":false},{"PrincipalSID":"S-1-5-21-3906589501-690843102-3982269896-512","PrincipalType":"Group","RightName":"WriteDacl","AceType":"","IsInherited":false},{"PrincipalSID":"S-1-5-21-3906589501-690843102-3982269896-512","PrincipalType":"Group","RightName":"WriteOwner","AceType":"","IsInherited":false},{"PrincipalSID":"S-1-5-21-3906589501-690843102-3982269896-512","PrincipalType":"Group","RightName":"GenericWrite","AceType":"","IsInherited":false},{"PrincipalSID":"S-1-5-21-3906589501-690843102-3982269896-519","PrincipalType":"Group","RightName":"WriteDacl","AceType":"","IsInherited":false},{"PrincipalSID":"S-1-5-21-3906589501-690843102-3982269896-519","PrincipalType":"Group","RightName":"WriteOwner","AceType":"","IsInherited":false},{"PrincipalSID":"S-1-5-21-3906589501-690843102-3982269896-519","PrincipalType":"Group","RightName":"GenericWrite","AceType":"","IsInherited":false}]},{"Properties":{"highvalue":true,"name":"ENTERPRISE ADMINS@THROWBACK.LOCAL","domain":"THROWBACK.LOCAL","objectid":"S-1-5-21-3906589501-690843102-3982269896-519","distinguishedname":"CN=Enterprise Admins,OU=Groups,DC=THROWBACK,DC=local","description":"Designated administrators of the enterprise","admincount":true},"Members":[{"MemberId":"S-1-5-21-3906589501-690843102-3982269896-1206","MemberType":"User"},{"MemberId":"S-1-5-21-3906589501-690843102-3982269896-1197","MemberType":"User"},{"MemberId":"S-1-5-21-3906589501-690843102-3982269896-500","MemberType":"User"}],"ObjectIdentifier":"S-1-5-21-3906589501-690843102-3982269896-519","Aces":[{"PrincipalSID":"S-1-5-21-3906589501-690843102-3982269896-512","PrincipalType":"Group","RightName":"Owner","AceType":"","IsInherited":false},{"PrincipalSID":"THROWBACK.LOCAL-S-1-5-32-544","PrincipalType":"Group","RightName":"WriteDacl","AceType":"","IsInherited":false},{"PrincipalSID":"THROWBACK.LOCAL-S-1-5-32-544","PrincipalType":"Group","RightName":"WriteOwner","AceType":"","IsInherited":false},{"PrincipalSID":"THROWBACK.LOCAL-S-1-5-32-544","PrincipalType":"Group","RightName":"GenericWrite","AceType":"","IsInherited":false},{"PrincipalSID":"S-1-5-21-3906589501-690843102-3982269896-512","PrincipalType":"Group","RightName":"WriteDacl","AceType":"","IsInherited":false},{"PrincipalSID":"S-1-5-21-3906589501-690843102-3982269896-512","PrincipalType":"Group","RightName":"WriteOwner","AceType":"","IsInherited":false},{"PrincipalSID":"S-1-5-21-3906589501-690843102-3982269896-512","PrincipalType":"Group","RightName":"GenericWrite","AceType":"","IsInherited":false},{"PrincipalSID":"S-1-5-21-3906589501-690843102-3982269896-519","PrincipalType":"Group","RightName":"WriteDacl","AceType":"","IsInherited":false},{"PrincipalSID":"S-1-5-21-3906589501-690843102-3982269896-519","PrincipalType":"Group","RightName":"WriteOwner","AceType":"","IsInherited":false},{"PrincipalSID":"S-1-5-21-3906589501-690843102-3982269896-519","PrincipalType":"Group","RightName":"GenericWrite","AceType":"","IsInherited":false}]},{"Properties":{"highvalue":true,"name":"DOMAIN ADMINS@THROWBACK.LOCAL","domain":"THROWBACK.LOCAL","objectid":"S-1-5-21-3906589501-690843102-3982269896-512","distinguishedname":"CN=Domain Admins,OU=Groups,DC=THROWBACK,DC=local","description":"Designated administrators of the domain","admincount":true},"Members":[{"MemberId":"S-1-5-21-3906589501-690843102-3982269896-1206","MemberType":"User"},{"MemberId":"S-1-5-21-3906589501-690843102-3982269896-1205","MemberType":"User"},{"MemberId":"S-1-5-21-3906589501-690843102-3982269896-1197","MemberType":"User"},{"MemberId":"S-1-5-21-3906589501-690843102-3982269896-500","MemberType":"User"}],"ObjectIdentifier":"S-1-5-21-3906589501-690843102-3982269896-512","Aces":[{"PrincipalSID":"S-1-5-21-3906589501-690843102-3982269896-512","PrincipalType":"Group","RightName":"Owner","AceType":"","IsInherited":false},{"PrincipalSID":"THROWBACK.LOCAL-S-1-5-32-544","PrincipalType":"Group","RightName":"WriteDacl","AceType":"","IsInherited":false},{"PrincipalSID":"THROWBACK.LOCAL-S-1-5-32-544","PrincipalType":"Group","RightName":"WriteOwner","AceType":"","IsInherited":false},{"PrincipalSID":"THROWBACK.LOCAL-S-1-5-32-544","PrincipalType":"Group","RightName":"GenericWrite","AceType":"","IsInherited":false},{"PrincipalSID":"S-1-5-21-3906589501-690843102-3982269896-512","PrincipalType":"Group","RightName":"WriteDacl","AceType":"","IsInherited":false},{"PrincipalSID":"S-1-5-21-3906589501-690843102-3982269896-512","PrincipalType":"Group","RightName":"WriteOwner","AceType":"","IsInherited":false},{"PrincipalSID":"S-1-5-21-3906589501-690843102-3982269896-512","PrincipalType":"Group","RightName":"GenericWrite","AceType":"","IsInherited":false},{"PrincipalSID":"S-1-5-21-3906589501-690843102-3982269896-519","PrincipalType":"Group","RightName":"WriteDacl","AceType":"","IsInherited":false},{"PrincipalSID":"S-1-5-21-3906589501-690843102-3982269896-519","PrincipalType":"Group","RightName":"WriteOwner","AceType":"","IsInherited":false},{"PrincipalSID":"S-1-5-21-3906589501-690843102-3982269896-519","PrincipalType":"Group","RightName":"GenericWrite","AceType":"","IsInherited":false}]},{"Properties":{"highvalue":true,"name":"GROUP POLICY CREATOR OWNERS@THROWBACK.LOCAL","domain":"THROWBACK.LOCAL","objectid":"S-1-5-21-3906589501-690843102-3982269896-520","distinguishedname":"CN=Group Policy Creator Owners,OU=Groups,DC=THROWBACK,DC=local","description":"Members in this group can modify group policy for the domain","admincount":false},"Members":[{"MemberId":"S-1-5-21-3906589501-690843102-3982269896-1206","MemberType":"User"},{"MemberId":"S-1-5-21-3906589501-690843102-3982269896-500","MemberType":"User"}],"ObjectIdentifier":"S-1-5-21-3906589501-690843102-3982269896-520","Aces":[{"PrincipalSID":"S-1-5-21-3906589501-690843102-3982269896-512","PrincipalType":"Group","RightName":"Owner","AceType":"","IsInherited":false},{"PrincipalSID":"THROWBACK.LOCAL-S-1-5-32-548","PrincipalType":"Group","RightName":"GenericAll","AceType":"","IsInherited":false},{"PrincipalSID":"S-1-5-21-3906589501-690843102-3982269896-512","PrincipalType":"Group","RightName":"GenericAll","AceType":"","IsInherited":false},{"PrincipalSID":"S-1-5-21-3906589501-690843102-3982269896-1208","PrincipalType":"Unknown","RightName":"WriteProperty","AceType":"AddMember","IsInherited":true},{"PrincipalSID":"S-1-5-21-3906589501-690843102-3982269896-519","PrincipalType":"Group","RightName":"GenericAll","AceType":"","IsInherited":true},{"PrincipalSID":"S-1-5-21-3906589501-690843102-3982269896-1208","PrincipalType":"Unknown","RightName":"GenericAll","AceType":"","IsInherited":true},{"PrincipalSID":"THROWBACK.LOCAL-S-1-5-32-544","PrincipalType":"Group","RightName":"WriteDacl","AceType":"","IsInherited":true},{"PrincipalSID":"THROWBACK.LOCAL-S-1-5-32-544","PrincipalType":"Group","RightName":"WriteOwner","AceType":"","IsInherited":true},{"PrincipalSID":"THROWBACK.LOCAL-S-1-5-32-544","PrincipalType":"Group","RightName":"GenericWrite","AceType":"","IsInherited":true}]},{"Properties":{"highvalue":true,"name":"SERVER OPERATORS@THROWBACK.LOCAL","domain":"THROWBACK.LOCAL","objectid":"THROWBACK.LOCAL-S-1-5-32-549","distinguishedname":"CN=Server Operators,CN=Builtin,DC=THROWBACK,DC=local","description":"Members can administer domain servers","admincount":true},"Members":[],"ObjectIdentifier":"THROWBACK.LOCAL-S-1-5-32-549","Aces":[{"PrincipalSID":"S-1-5-21-3906589501-690843102-3982269896-512","PrincipalType":"Group","RightName":"Owner","AceType":"","IsInherited":false},{"PrincipalSID":"THROWBACK.LOCAL-S-1-5-32-544","PrincipalType":"Group","RightName":"WriteDacl","AceType":"","IsInherited":false},{"PrincipalSID":"THROWBACK.LOCAL-S-1-5-32-544","PrincipalType":"Group","RightName":"WriteOwner","AceType":"","IsInherited":false},{"PrincipalSID":"THROWBACK.LOCAL-S-1-5-32-544","PrincipalType":"Group","RightName":"GenericWrite","AceType":"","IsInherited":false},{"PrincipalSID":"S-1-5-21-3906589501-690843102-3982269896-512","PrincipalType":"Group","RightName":"WriteDacl","AceType":"","IsInherited":false},{"PrincipalSID":"S-1-5-21-3906589501-690843102-3982269896-512","PrincipalType":"Group","RightName":"WriteOwner","AceType":"","IsInherited":false},{"PrincipalSID":"S-1-5-21-3906589501-690843102-3982269896-512","PrincipalType":"Group","RightName":"GenericWrite","AceType":"","IsInherited":false},{"PrincipalSID":"S-1-5-21-3906589501-690843102-3982269896-519","PrincipalType":"Group","RightName":"WriteDacl","AceType":"","IsInherited":false},{"PrincipalSID":"S-1-5-21-3906589501-690843102-3982269896-519","PrincipalType":"Group","RightName":"WriteOwner","AceType":"","IsInherited":false},{"PrincipalSID":"S-1-5-21-3906589501-690843102-3982269896-519","PrincipalType":"Group","RightName":"GenericWrite","AceType":"","IsInherited":false}]},{"Properties":{"highvalue":false,"name":"TERMINAL SERVER LICENSE SERVERS@THROWBACK.LOCAL","domain":"THROWBACK.LOCAL","objectid":"THROWBACK.LOCAL-S-1-5-32-561","distinguishedname":"CN=Terminal Server License Servers,CN=Builtin,DC=THROWBACK,DC=local","description":"Members of this group can update user accounts in Active Directory with information about license issuance, for the purpose of tracking and reporting TS Per User CAL usage","admincount":false},"Members":[],"ObjectIdentifier":"THROWBACK.LOCAL-S-1-5-32-561","Aces":[{"PrincipalSID":"S-1-5-21-3906589501-690843102-3982269896-512","PrincipalType":"Group","RightName":"Owner","AceType":"","IsInherited":false},{"PrincipalSID":"THROWBACK.LOCAL-S-1-5-32-548","PrincipalType":"Group","RightName":"GenericAll","AceType":"","IsInherited":false},{"PrincipalSID":"S-1-5-21-3906589501-690843102-3982269896-512","PrincipalType":"Group","RightName":"GenericAll","AceType":"","IsInherited":false},{"PrincipalSID":"S-1-5-21-3906589501-690843102-3982269896-519","PrincipalType":"Group","RightName":"GenericAll","AceType":"","IsInherited":true},{"PrincipalSID":"THROWBACK.LOCAL-S-1-5-32-544","PrincipalType":"Group","RightName":"WriteDacl","AceType":"","IsInherited":true},{"PrincipalSID":"THROWBACK.LOCAL-S-1-5-32-544","PrincipalType":"Group","RightName":"WriteOwner","AceType":"","IsInherited":true},{"PrincipalSID":"THROWBACK.LOCAL-S-1-5-32-544","PrincipalType":"Group","RightName":"GenericWrite","AceType":"","IsInherited":true},{"PrincipalSID":"S-1-5-21-3906589501-690843102-3982269896-1208","PrincipalType":"Unknown","RightName":"WriteProperty","AceType":"AddMember","IsInherited":true},{"PrincipalSID":"S-1-5-21-3906589501-690843102-3982269896-1208","PrincipalType":"Unknown","RightName":"GenericAll","AceType":"","IsInherited":true}]},{"Properties":{"highvalue":false,"name":"WINDOWS AUTHORIZATION ACCESS GROUP@THROWBACK.LOCAL","domain":"THROWBACK.LOCAL","objectid":"THROWBACK.LOCAL-S-1-5-32-560","distinguishedname":"CN=Windows Authorization Access Group,CN=Builtin,DC=THROWBACK,DC=local","description":"Members of this group have access to the computed tokenGroupsGlobalAndUniversal attribute on User objects","admincount":false},"Members":[{"MemberId":"THROWBACK.LOCAL-S-1-5-9","MemberType":"Group"}],"ObjectIdentifier":"THROWBACK.LOCAL-S-1-5-32-560","Aces":[{"PrincipalSID":"S-1-5-21-3906589501-690843102-3982269896-512","PrincipalType":"Group","RightName":"Owner","AceType":"","IsInherited":false},{"PrincipalSID":"THROWBACK.LOCAL-S-1-5-32-548","PrincipalType":"Group","RightName":"GenericAll","AceType":"","IsInherited":false},{"PrincipalSID":"S-1-5-21-3906589501-690843102-3982269896-512","PrincipalType":"Group","RightName":"GenericAll","AceType":"","IsInherited":false},{"PrincipalSID":"S-1-5-21-3906589501-690843102-3982269896-519","PrincipalType":"Group","RightName":"GenericAll","AceType":"","IsInherited":true},{"PrincipalSID":"THROWBACK.LOCAL-S-1-5-32-544","PrincipalType":"Group","RightName":"WriteDacl","AceType":"","IsInherited":true},{"PrincipalSID":"THROWBACK.LOCAL-S-1-5-32-544","PrincipalType":"Group","RightName":"WriteOwner","AceType":"","IsInherited":true},{"PrincipalSID":"THROWBACK.LOCAL-S-1-5-32-544","PrincipalType":"Group","RightName":"GenericWrite","AceType":"","IsInherited":true},{"PrincipalSID":"S-1-5-21-3906589501-690843102-3982269896-1208","PrincipalType":"Unknown","RightName":"WriteProperty","AceType":"AddMember","IsInherited":true},{"PrincipalSID":"S-1-5-21-3906589501-690843102-3982269896-1208","PrincipalType":"Unknown","RightName":"GenericAll","AceType":"","IsInherited":true}]},{"Properties":{"highvalue":true,"name":"DOMAIN CONTROLLERS@THROWBACK.LOCAL","domain":"THROWBACK.LOCAL","objectid":"S-1-5-21-3906589501-690843102-3982269896-516","distinguishedname":"CN=Domain Controllers,OU=Groups,DC=THROWBACK,DC=local","description":"All domain controllers in the domain","admincount":true},"Members":[],"ObjectIdentifier":"S-1-5-21-3906589501-690843102-3982269896-516","Aces":[{"PrincipalSID":"S-1-5-21-3906589501-690843102-3982269896-512","PrincipalType":"Group","RightName":"Owner","AceType":"","IsInherited":false},{"PrincipalSID":"THROWBACK.LOCAL-S-1-5-32-544","PrincipalType":"Group","RightName":"WriteDacl","AceType":"","IsInherited":false},{"PrincipalSID":"THROWBACK.LOCAL-S-1-5-32-544","PrincipalType":"Group","RightName":"WriteOwner","AceType":"","IsInherited":false},{"PrincipalSID":"THROWBACK.LOCAL-S-1-5-32-544","PrincipalType":"Group","RightName":"GenericWrite","AceType":"","IsInherited":false},{"PrincipalSID":"S-1-5-21-3906589501-690843102-3982269896-512","PrincipalType":"Group","RightName":"WriteDacl","AceType":"","IsInherited":false},{"PrincipalSID":"S-1-5-21-3906589501-690843102-3982269896-512","PrincipalType":"Group","RightName":"WriteOwner","AceType":"","IsInherited":false},{"PrincipalSID":"S-1-5-21-3906589501-690843102-3982269896-512","PrincipalType":"Group","RightName":"GenericWrite","AceType":"","IsInherited":false},{"PrincipalSID":"S-1-5-21-3906589501-690843102-3982269896-519","PrincipalType":"Group","RightName":"WriteDacl","AceType":"","IsInherited":false},{"PrincipalSID":"S-1-5-21-3906589501-690843102-3982269896-519","PrincipalType":"Group","RightName":"WriteOwner","AceType":"","IsInherited":false},{"PrincipalSID":"S-1-5-21-3906589501-690843102-3982269896-519","PrincipalType":"Group","RightName":"GenericWrite","AceType":"","IsInherited":false}]},{"Properties":{"highvalue":false,"name":"DOMAIN COMPUTERS@THROWBACK.LOCAL","domain":"THROWBACK.LOCAL","objectid":"S-1-5-21-3906589501-690843102-3982269896-515","distinguishedname":"CN=Domain Computers,OU=Groups,DC=THROWBACK,DC=local","description":"All workstations and servers joined to the domain","admincount":false},"Members":[],"ObjectIdentifier":"S-1-5-21-3906589501-690843102-3982269896-515","Aces":[{"PrincipalSID":"S-1-5-21-3906589501-690843102-3982269896-512","PrincipalType":"Group","RightName":"Owner","AceType":"","IsInherited":false},{"PrincipalSID":"THROWBACK.LOCAL-S-1-5-32-548","PrincipalType":"Group","RightName":"GenericAll","AceType":"","IsInherited":false},{"PrincipalSID":"S-1-5-21-3906589501-690843102-3982269896-512","PrincipalType":"Group","RightName":"GenericAll","AceType":"","IsInherited":false},{"PrincipalSID":"S-1-5-21-3906589501-690843102-3982269896-1208","PrincipalType":"Unknown","RightName":"WriteProperty","AceType":"AddMember","IsInherited":true},{"PrincipalSID":"S-1-5-21-3906589501-690843102-3982269896-519","PrincipalType":"Group","RightName":"GenericAll","AceType":"","IsInherited":true},{"PrincipalSID":"S-1-5-21-3906589501-690843102-3982269896-1208","PrincipalType":"Unknown","RightName":"GenericAll","AceType":"","IsInherited":true},{"PrincipalSID":"THROWBACK.LOCAL-S-1-5-32-544","PrincipalType":"Group","RightName":"WriteDacl","AceType":"","IsInherited":true},{"PrincipalSID":"THROWBACK.LOCAL-S-1-5-32-544","PrincipalType":"Group","RightName":"WriteOwner","AceType":"","IsInherited":true},{"PrincipalSID":"THROWBACK.LOCAL-S-1-5-32-544","PrincipalType":"Group","RightName":"GenericWrite","AceType":"","IsInherited":true}]},{"Properties":{"highvalue":false,"name":"READ-ONLY DOMAIN CONTROLLERS@THROWBACK.LOCAL","domain":"THROWBACK.LOCAL","objectid":"S-1-5-21-3906589501-690843102-3982269896-521","distinguishedname":"CN=Read-only Domain Controllers,OU=Groups,DC=THROWBACK,DC=local","description":"Members of this group are Read-Only Domain Controllers in the domain","admincount":true},"Members":[],"ObjectIdentifier":"S-1-5-21-3906589501-690843102-3982269896-521","Aces":[{"PrincipalSID":"S-1-5-21-3906589501-690843102-3982269896-512","PrincipalType":"Group","RightName":"Owner","AceType":"","IsInherited":false},{"PrincipalSID":"THROWBACK.LOCAL-S-1-5-32-544","PrincipalType":"Group","RightName":"WriteDacl","AceType":"","IsInherited":false},{"PrincipalSID":"THROWBACK.LOCAL-S-1-5-32-544","PrincipalType":"Group","RightName":"WriteOwner","AceType":"","IsInherited":false},{"PrincipalSID":"THROWBACK.LOCAL-S-1-5-32-544","PrincipalType":"Group","RightName":"GenericWrite","AceType":"","IsInherited":false},{"PrincipalSID":"S-1-5-21-3906589501-690843102-3982269896-512","PrincipalType":"Group","RightName":"WriteDacl","AceType":"","IsInherited":false},{"PrincipalSID":"S-1-5-21-3906589501-690843102-3982269896-512","PrincipalType":"Group","RightName":"WriteOwner","AceType":"","IsInherited":false},{"PrincipalSID":"S-1-5-21-3906589501-690843102-3982269896-512","PrincipalType":"Group","RightName":"GenericWrite","AceType":"","IsInherited":false},{"PrincipalSID":"S-1-5-21-3906589501-690843102-3982269896-519","PrincipalType":"Group","RightName":"WriteDacl","AceType":"","IsInherited":false},{"PrincipalSID":"S-1-5-21-3906589501-690843102-3982269896-519","PrincipalType":"Group","RightName":"WriteOwner","AceType":"","IsInherited":false},{"PrincipalSID":"S-1-5-21-3906589501-690843102-3982269896-519","PrincipalType":"Group","RightName":"GenericWrite","AceType":"","IsInherited":false}]},{"Properties":{"highvalue":false,"name":"DOMAIN USERS@THROWBACK.LOCAL","domain":"THROWBACK.LOCAL","objectid":"S-1-5-21-3906589501-690843102-3982269896-513","distinguishedname":"CN=Domain Users,OU=Groups,DC=THROWBACK,DC=local","description":"All domain users","admincount":false},"Members":[],"ObjectIdentifier":"S-1-5-21-3906589501-690843102-3982269896-513","Aces":[{"PrincipalSID":"S-1-5-21-3906589501-690843102-3982269896-512","PrincipalType":"Group","RightName":"Owner","AceType":"","IsInherited":false},{"PrincipalSID":"THROWBACK.LOCAL-S-1-5-32-548","PrincipalType":"Group","RightName":"GenericAll","AceType":"","IsInherited":false},{"PrincipalSID":"S-1-5-21-3906589501-690843102-3982269896-512","PrincipalType":"Group","RightName":"GenericAll","AceType":"","IsInherited":false},{"PrincipalSID":"S-1-5-21-3906589501-690843102-3982269896-1208","PrincipalType":"Unknown","RightName":"WriteProperty","AceType":"AddMember","IsInherited":true},{"PrincipalSID":"S-1-5-21-3906589501-690843102-3982269896-519","PrincipalType":"Group","RightName":"GenericAll","AceType":"","IsInherited":true},{"PrincipalSID":"S-1-5-21-3906589501-690843102-3982269896-1208","PrincipalType":"Unknown","RightName":"GenericAll","AceType":"","IsInherited":true},{"PrincipalSID":"THROWBACK.LOCAL-S-1-5-32-544","PrincipalType":"Group","RightName":"WriteDacl","AceType":"","IsInherited":true},{"PrincipalSID":"THROWBACK.LOCAL-S-1-5-32-544","PrincipalType":"Group","RightName":"WriteOwner","AceType":"","IsInherited":true},{"PrincipalSID":"THROWBACK.LOCAL-S-1-5-32-544","PrincipalType":"Group","RightName":"GenericWrite","AceType":"","IsInherited":true}]},{"Properties":{"highvalue":false,"name":"KEY ADMINS@THROWBACK.LOCAL","domain":"THROWBACK.LOCAL","objectid":"S-1-5-21-3906589501-690843102-3982269896-526","distinguishedname":"CN=Key Admins,OU=Groups,DC=THROWBACK,DC=local","description":"Members of this group can perform administrative actions on key objects within the domain.","admincount":true},"Members":[],"ObjectIdentifier":"S-1-5-21-3906589501-690843102-3982269896-526","Aces":[{"PrincipalSID":"S-1-5-21-3906589501-690843102-3982269896-512","PrincipalType":"Group","RightName":"Owner","AceType":"","IsInherited":false},{"PrincipalSID":"THROWBACK.LOCAL-S-1-5-32-544","PrincipalType":"Group","RightName":"WriteDacl","AceType":"","IsInherited":false},{"PrincipalSID":"THROWBACK.LOCAL-S-1-5-32-544","PrincipalType":"Group","RightName":"WriteOwner","AceType":"","IsInherited":false},{"PrincipalSID":"THROWBACK.LOCAL-S-1-5-32-544","PrincipalType":"Group","RightName":"GenericWrite","AceType":"","IsInherited":false},{"PrincipalSID":"S-1-5-21-3906589501-690843102-3982269896-512","PrincipalType":"Group","RightName":"WriteDacl","AceType":"","IsInherited":false},{"PrincipalSID":"S-1-5-21-3906589501-690843102-3982269896-512","PrincipalType":"Group","RightName":"WriteOwner","AceType":"","IsInherited":false},{"PrincipalSID":"S-1-5-21-3906589501-690843102-3982269896-512","PrincipalType":"Group","RightName":"GenericWrite","AceType":"","IsInherited":false},{"PrincipalSID":"S-1-5-21-3906589501-690843102-3982269896-519","PrincipalType":"Group","RightName":"WriteDacl","AceType":"","IsInherited":false},{"PrincipalSID":"S-1-5-21-3906589501-690843102-3982269896-519","PrincipalType":"Group","RightName":"WriteOwner","AceType":"","IsInherited":false},{"PrincipalSID":"S-1-5-21-3906589501-690843102-3982269896-519","PrincipalType":"Group","RightName":"GenericWrite","AceType":"","IsInherited":false}]},{"Properties":{"highvalue":false,"name":"DOMAIN GUESTS@THROWBACK.LOCAL","domain":"THROWBACK.LOCAL","objectid":"S-1-5-21-3906589501-690843102-3982269896-514","distinguishedname":"CN=Domain Guests,OU=Groups,DC=THROWBACK,DC=local","description":"All domain guests","admincount":false},"Members":[],"ObjectIdentifier":"S-1-5-21-3906589501-690843102-3982269896-514","Aces":[{"PrincipalSID":"S-1-5-21-3906589501-690843102-3982269896-512","PrincipalType":"Group","RightName":"Owner","AceType":"","IsInherited":false},{"PrincipalSID":"THROWBACK.LOCAL-S-1-5-32-548","PrincipalType":"Group","RightName":"GenericAll","AceType":"","IsInherited":false},{"PrincipalSID":"S-1-5-21-3906589501-690843102-3982269896-512","PrincipalType":"Group","RightName":"GenericAll","AceType":"","IsInherited":false},{"PrincipalSID":"S-1-5-21-3906589501-690843102-3982269896-1208","PrincipalType":"Unknown","RightName":"WriteProperty","AceType":"AddMember","IsInherited":true},{"PrincipalSID":"S-1-5-21-3906589501-690843102-3982269896-519","PrincipalType":"Group","RightName":"GenericAll","AceType":"","IsInherited":true},{"PrincipalSID":"S-1-5-21-3906589501-690843102-3982269896-1208","PrincipalType":"Unknown","RightName":"GenericAll","AceType":"","IsInherited":true},{"PrincipalSID":"THROWBACK.LOCAL-S-1-5-32-544","PrincipalType":"Group","RightName":"WriteDacl","AceType":"","IsInherited":true},{"PrincipalSID":"THROWBACK.LOCAL-S-1-5-32-544","PrincipalType":"Group","RightName":"WriteOwner","AceType":"","IsInherited":true},{"PrincipalSID":"THROWBACK.LOCAL-S-1-5-32-544","PrincipalType":"Group","RightName":"GenericWrite","AceType":"","IsInherited":true}]},{"Properties":{"highvalue":false,"name":"DNSADMINS@THROWBACK.LOCAL","domain":"THROWBACK.LOCAL","objectid":"S-1-5-21-3906589501-690843102-3982269896-1109","distinguishedname":"CN=DnsAdmins,OU=Groups,DC=THROWBACK,DC=local","description":"DNS Administrators Group","admincount":false},"Members":[],"ObjectIdentifier":"S-1-5-21-3906589501-690843102-3982269896-1109","Aces":[{"PrincipalSID":"THROWBACK.LOCAL-S-1-5-32-548","PrincipalType":"Group","RightName":"GenericAll","AceType":"","IsInherited":false},{"PrincipalSID":"S-1-5-21-3906589501-690843102-3982269896-512","PrincipalType":"Group","RightName":"GenericAll","AceType":"","IsInherited":false},{"PrincipalSID":"S-1-5-21-3906589501-690843102-3982269896-1208","PrincipalType":"Unknown","RightName":"WriteProperty","AceType":"AddMember","IsInherited":true},{"PrincipalSID":"S-1-5-21-3906589501-690843102-3982269896-519","PrincipalType":"Group","RightName":"GenericAll","AceType":"","IsInherited":true},{"PrincipalSID":"S-1-5-21-3906589501-690843102-3982269896-1208","PrincipalType":"Unknown","RightName":"GenericAll","AceType":"","IsInherited":true},{"PrincipalSID":"THROWBACK.LOCAL-S-1-5-32-544","PrincipalType":"Group","RightName":"WriteDacl","AceType":"","IsInherited":true},{"PrincipalSID":"THROWBACK.LOCAL-S-1-5-32-544","PrincipalType":"Group","RightName":"WriteOwner","AceType":"","IsInherited":true},{"PrincipalSID":"THROWBACK.LOCAL-S-1-5-32-544","PrincipalType":"Group","RightName":"GenericWrite","AceType":"","IsInherited":true}]},{"Properties":{"highvalue":false,"name":"TIER 1@THROWBACK.LOCAL","domain":"THROWBACK.LOCAL","objectid":"S-1-5-21-3906589501-690843102-3982269896-1192","distinguishedname":"CN=Tier 1,OU=Groups,DC=THROWBACK,DC=local","description":null,"admincount":false},"Members":[{"MemberId":"S-1-5-21-3906589501-690843102-3982269896-1202","MemberType":"User"},{"MemberId":"S-1-5-21-3906589501-690843102-3982269896-1201","MemberType":"User"},{"MemberId":"S-1-5-21-3906589501-690843102-3982269896-1159","MemberType":"User"},{"MemberId":"S-1-5-21-3906589501-690843102-3982269896-1158","MemberType":"User"},{"MemberId":"S-1-5-21-3906589501-690843102-3982269896-1157","MemberType":"User"},{"MemberId":"S-1-5-21-3906589501-690843102-3982269896-1156","MemberType":"User"},{"MemberId":"S-1-5-21-3906589501-690843102-3982269896-1155","MemberType":"User"},{"MemberId":"S-1-5-21-3906589501-690843102-3982269896-1154","MemberType":"User"},{"MemberId":"S-1-5-21-3906589501-690843102-3982269896-1153","MemberType":"User"},{"MemberId":"S-1-5-21-3906589501-690843102-3982269896-1151","MemberType":"User"},{"MemberId":"S-1-5-21-3906589501-690843102-3982269896-1150","MemberType":"User"},{"MemberId":"S-1-5-21-3906589501-690843102-3982269896-1149","MemberType":"User"},{"MemberId":"S-1-5-21-3906589501-690843102-3982269896-1148","MemberType":"User"},{"MemberId":"S-1-5-21-3906589501-690843102-3982269896-1147","MemberType":"User"},{"MemberId":"S-1-5-21-3906589501-690843102-3982269896-1146","MemberType":"User"},{"MemberId":"S-1-5-21-3906589501-690843102-3982269896-1145","MemberType":"User"},{"MemberId":"S-1-5-21-3906589501-690843102-3982269896-1144","MemberType":"User"},{"MemberId":"S-1-5-21-3906589501-690843102-3982269896-1143","MemberType":"User"},{"MemberId":"S-1-5-21-3906589501-690843102-3982269896-1142","MemberType":"User"},{"MemberId":"S-1-5-21-3906589501-690843102-3982269896-1141","MemberType":"User"},{"MemberId":"S-1-5-21-3906589501-690843102-3982269896-1140","MemberType":"User"},{"MemberId":"S-1-5-21-3906589501-690843102-3982269896-1139","MemberType":"User"},{"MemberId":"S-1-5-21-3906589501-690843102-3982269896-1138","MemberType":"User"},{"MemberId":"S-1-5-21-3906589501-690843102-3982269896-1137","MemberType":"User"},{"MemberId":"S-1-5-21-3906589501-690843102-3982269896-1128","MemberType":"User"},{"MemberId":"S-1-5-21-3906589501-690843102-3982269896-1116","MemberType":"User"}],"ObjectIdentifier":"S-1-5-21-3906589501-690843102-3982269896-1192","Aces":[{"PrincipalSID":"S-1-5-21-3906589501-690843102-3982269896-512","PrincipalType":"Group","RightName":"Owner","AceType":"","IsInherited":false},{"PrincipalSID":"THROWBACK.LOCAL-S-1-5-32-548","PrincipalType":"Group","RightName":"GenericAll","AceType":"","IsInherited":false},{"PrincipalSID":"S-1-5-21-3906589501-690843102-3982269896-512","PrincipalType":"Group","RightName":"GenericAll","AceType":"","IsInherited":false},{"PrincipalSID":"S-1-5-21-3906589501-690843102-3982269896-1208","PrincipalType":"Unknown","RightName":"WriteProperty","AceType":"AddMember","IsInherited":true},{"PrincipalSID":"S-1-5-21-3906589501-690843102-3982269896-519","PrincipalType":"Group","RightName":"GenericAll","AceType":"","IsInherited":true},{"PrincipalSID":"S-1-5-21-3906589501-690843102-3982269896-1208","PrincipalType":"Unknown","RightName":"GenericAll","AceType":"","IsInherited":true},{"PrincipalSID":"THROWBACK.LOCAL-S-1-5-32-544","PrincipalType":"Group","RightName":"WriteDacl","AceType":"","IsInherited":true},{"PrincipalSID":"THROWBACK.LOCAL-S-1-5-32-544","PrincipalType":"Group","RightName":"WriteOwner","AceType":"","IsInherited":true},{"PrincipalSID":"THROWBACK.LOCAL-S-1-5-32-544","PrincipalType":"Group","RightName":"GenericWrite","AceType":"","IsInherited":true}]},{"Properties":{"highvalue":false,"name":"TIER 2@THROWBACK.LOCAL","domain":"THROWBACK.LOCAL","objectid":"S-1-5-21-3906589501-690843102-3982269896-1193","distinguishedname":"CN=Tier 2,OU=Groups,DC=THROWBACK,DC=local","description":null,"admincount":false},"Members":[{"MemberId":"S-1-5-21-3906589501-690843102-3982269896-1191","MemberType":"User"},{"MemberId":"S-1-5-21-3906589501-690843102-3982269896-1190","MemberType":"User"},{"MemberId":"S-1-5-21-3906589501-690843102-3982269896-1189","MemberType":"User"},{"MemberId":"S-1-5-21-3906589501-690843102-3982269896-1188","MemberType":"User"},{"MemberId":"S-1-5-21-3906589501-690843102-3982269896-1187","MemberType":"User"},{"MemberId":"S-1-5-21-3906589501-690843102-3982269896-1186","MemberType":"User"},{"MemberId":"S-1-5-21-3906589501-690843102-3982269896-1185","MemberType":"User"},{"MemberId":"S-1-5-21-3906589501-690843102-3982269896-1184","MemberType":"User"},{"MemberId":"S-1-5-21-3906589501-690843102-3982269896-1183","MemberType":"User"},{"MemberId":"S-1-5-21-3906589501-690843102-3982269896-1182","MemberType":"User"},{"MemberId":"S-1-5-21-3906589501-690843102-3982269896-1181","MemberType":"User"},{"MemberId":"S-1-5-21-3906589501-690843102-3982269896-1180","MemberType":"User"},{"MemberId":"S-1-5-21-3906589501-690843102-3982269896-1179","MemberType":"User"},{"MemberId":"S-1-5-21-3906589501-690843102-3982269896-1178","MemberType":"User"},{"MemberId":"S-1-5-21-3906589501-690843102-3982269896-1177","MemberType":"User"},{"MemberId":"S-1-5-21-3906589501-690843102-3982269896-1176","MemberType":"User"},{"MemberId":"S-1-5-21-3906589501-690843102-3982269896-1175","MemberType":"User"},{"MemberId":"S-1-5-21-3906589501-690843102-3982269896-1173","MemberType":"User"},{"MemberId":"S-1-5-21-3906589501-690843102-3982269896-1172","MemberType":"User"},{"MemberId":"S-1-5-21-3906589501-690843102-3982269896-1171","MemberType":"User"},{"MemberId":"S-1-5-21-3906589501-690843102-3982269896-1168","MemberType":"User"},{"MemberId":"S-1-5-21-3906589501-690843102-3982269896-1167","MemberType":"User"},{"MemberId":"S-1-5-21-3906589501-690843102-3982269896-1164","MemberType":"User"},{"MemberId":"S-1-5-21-3906589501-690843102-3982269896-1163","MemberType":"User"},{"MemberId":"S-1-5-21-3906589501-690843102-3982269896-1162","MemberType":"User"},{"MemberId":"S-1-5-21-3906589501-690843102-3982269896-1161","MemberType":"User"},{"MemberId":"S-1-5-21-3906589501-690843102-3982269896-1160","MemberType":"User"},{"MemberId":"S-1-5-21-3906589501-690843102-3982269896-1152","MemberType":"User"},{"MemberId":"S-1-5-21-3906589501-690843102-3982269896-1115","MemberType":"User"},{"MemberId":"S-1-5-21-3906589501-690843102-3982269896-1114","MemberType":"User"}],"ObjectIdentifier":"S-1-5-21-3906589501-690843102-3982269896-1193","Aces":[{"PrincipalSID":"S-1-5-21-3906589501-690843102-3982269896-512","PrincipalType":"Group","RightName":"Owner","AceType":"","IsInherited":false},{"PrincipalSID":"THROWBACK.LOCAL-S-1-5-32-548","PrincipalType":"Group","RightName":"GenericAll","AceType":"","IsInherited":false},{"PrincipalSID":"S-1-5-21-3906589501-690843102-3982269896-512","PrincipalType":"Group","RightName":"GenericAll","AceType":"","IsInherited":false},{"PrincipalSID":"S-1-5-21-3906589501-690843102-3982269896-1208","PrincipalType":"Unknown","RightName":"WriteProperty","AceType":"AddMember","IsInherited":true},{"PrincipalSID":"S-1-5-21-3906589501-690843102-3982269896-519","PrincipalType":"Group","RightName":"GenericAll","AceType":"","IsInherited":true},{"PrincipalSID":"S-1-5-21-3906589501-690843102-3982269896-1208","PrincipalType":"Unknown","RightName":"GenericAll","AceType":"","IsInherited":true},{"PrincipalSID":"THROWBACK.LOCAL-S-1-5-32-544","PrincipalType":"Group","RightName":"WriteDacl","AceType":"","IsInherited":true},{"PrincipalSID":"THROWBACK.LOCAL-S-1-5-32-544","PrincipalType":"Group","RightName":"WriteOwner","AceType":"","IsInherited":true},{"PrincipalSID":"THROWBACK.LOCAL-S-1-5-32-544","PrincipalType":"Group","RightName":"GenericWrite","AceType":"","IsInherited":true}]},{"Properties":{"highvalue":false,"name":"ENTERPRISE KEY ADMINS@THROWBACK.LOCAL","domain":"THROWBACK.LOCAL","objectid":"S-1-5-21-3906589501-690843102-3982269896-527","distinguishedname":"CN=Enterprise Key Admins,OU=Groups,DC=THROWBACK,DC=local","description":"Members of this group can perform administrative actions on key objects within the forest.","admincount":true},"Members":[],"ObjectIdentifier":"S-1-5-21-3906589501-690843102-3982269896-527","Aces":[{"PrincipalSID":"S-1-5-21-3906589501-690843102-3982269896-512","PrincipalType":"Group","RightName":"Owner","AceType":"","IsInherited":false},{"PrincipalSID":"THROWBACK.LOCAL-S-1-5-32-544","PrincipalType":"Group","RightName":"WriteDacl","AceType":"","IsInherited":false},{"PrincipalSID":"THROWBACK.LOCAL-S-1-5-32-544","PrincipalType":"Group","RightName":"WriteOwner","AceType":"","IsInherited":false},{"PrincipalSID":"THROWBACK.LOCAL-S-1-5-32-544","PrincipalType":"Group","RightName":"GenericWrite","AceType":"","IsInherited":false},{"PrincipalSID":"S-1-5-21-3906589501-690843102-3982269896-512","PrincipalType":"Group","RightName":"WriteDacl","AceType":"","IsInherited":false},{"PrincipalSID":"S-1-5-21-3906589501-690843102-3982269896-512","PrincipalType":"Group","RightName":"WriteOwner","AceType":"","IsInherited":false},{"PrincipalSID":"S-1-5-21-3906589501-690843102-3982269896-512","PrincipalType":"Group","RightName":"GenericWrite","AceType":"","IsInherited":false},{"PrincipalSID":"S-1-5-21-3906589501-690843102-3982269896-519","PrincipalType":"Group","RightName":"WriteDacl","AceType":"","IsInherited":false},{"PrincipalSID":"S-1-5-21-3906589501-690843102-3982269896-519","PrincipalType":"Group","RightName":"WriteOwner","AceType":"","IsInherited":false},{"PrincipalSID":"S-1-5-21-3906589501-690843102-3982269896-519","PrincipalType":"Group","RightName":"GenericWrite","AceType":"","IsInherited":false}]},{"Properties":{"highvalue":false,"name":"CLONEABLE DOMAIN CONTROLLERS@THROWBACK.LOCAL","domain":"THROWBACK.LOCAL","objectid":"S-1-5-21-3906589501-690843102-3982269896-522","distinguishedname":"CN=Cloneable Domain Controllers,OU=Groups,DC=THROWBACK,DC=local","description":"Members of this group that are domain controllers may be cloned.","admincount":false},"Members":[],"ObjectIdentifier":"S-1-5-21-3906589501-690843102-3982269896-522","Aces":[{"PrincipalSID":"S-1-5-21-3906589501-690843102-3982269896-512","PrincipalType":"Group","RightName":"Owner","AceType":"","IsInherited":false},{"PrincipalSID":"THROWBACK.LOCAL-S-1-5-32-548","PrincipalType":"Group","RightName":"GenericAll","AceType":"","IsInherited":false},{"PrincipalSID":"S-1-5-21-3906589501-690843102-3982269896-512","PrincipalType":"Group","RightName":"GenericAll","AceType":"","IsInherited":false},{"PrincipalSID":"S-1-5-21-3906589501-690843102-3982269896-1208","PrincipalType":"Unknown","RightName":"WriteProperty","AceType":"AddMember","IsInherited":true},{"PrincipalSID":"S-1-5-21-3906589501-690843102-3982269896-519","PrincipalType":"Group","RightName":"GenericAll","AceType":"","IsInherited":true},{"PrincipalSID":"S-1-5-21-3906589501-690843102-3982269896-1208","PrincipalType":"Unknown","RightName":"GenericAll","AceType":"","IsInherited":true},{"PrincipalSID":"THROWBACK.LOCAL-S-1-5-32-544","PrincipalType":"Group","RightName":"WriteDacl","AceType":"","IsInherited":true},{"PrincipalSID":"THROWBACK.LOCAL-S-1-5-32-544","PrincipalType":"Group","RightName":"WriteOwner","AceType":"","IsInherited":true},{"PrincipalSID":"THROWBACK.LOCAL-S-1-5-32-544","PrincipalType":"Group","RightName":"GenericWrite","AceType":"","IsInherited":true}]},{"Properties":{"highvalue":false,"name":"ENTERPRISE READ-ONLY DOMAIN CONTROLLERS@THROWBACK.LOCAL","domain":"THROWBACK.LOCAL","objectid":"S-1-5-21-3906589501-690843102-3982269896-498","distinguishedname":"CN=Enterprise Read-only Domain Controllers,OU=Groups,DC=THROWBACK,DC=local","description":"Members of this group are Read-Only Domain Controllers in the enterprise","admincount":false},"Members":[],"ObjectIdentifier":"S-1-5-21-3906589501-690843102-3982269896-498","Aces":[{"PrincipalSID":"S-1-5-21-3906589501-690843102-3982269896-512","PrincipalType":"Group","RightName":"Owner","AceType":"","IsInherited":false},{"PrincipalSID":"THROWBACK.LOCAL-S-1-5-32-548","PrincipalType":"Group","RightName":"GenericAll","AceType":"","IsInherited":false},{"PrincipalSID":"S-1-5-21-3906589501-690843102-3982269896-512","PrincipalType":"Group","RightName":"GenericAll","AceType":"","IsInherited":false},{"PrincipalSID":"S-1-5-21-3906589501-690843102-3982269896-1208","PrincipalType":"Unknown","RightName":"WriteProperty","AceType":"AddMember","IsInherited":true},{"PrincipalSID":"S-1-5-21-3906589501-690843102-3982269896-519","PrincipalType":"Group","RightName":"GenericAll","AceType":"","IsInherited":true},{"PrincipalSID":"S-1-5-21-3906589501-690843102-3982269896-1208","PrincipalType":"Unknown","RightName":"GenericAll","AceType":"","IsInherited":true},{"PrincipalSID":"THROWBACK.LOCAL-S-1-5-32-544","PrincipalType":"Group","RightName":"WriteDacl","AceType":"","IsInherited":true},{"PrincipalSID":"THROWBACK.LOCAL-S-1-5-32-544","PrincipalType":"Group","RightName":"WriteOwner","AceType":"","IsInherited":true},{"PrincipalSID":"THROWBACK.LOCAL-S-1-5-32-544","PrincipalType":"Group","RightName":"GenericWrite","AceType":"","IsInherited":true}]},{"Properties":{"highvalue":false,"name":"PROTECTED USERS@THROWBACK.LOCAL","domain":"THROWBACK.LOCAL","objectid":"S-1-5-21-3906589501-690843102-3982269896-525","distinguishedname":"CN=Protected Users,OU=Groups,DC=THROWBACK,DC=local","description":"Members of this group are afforded additional protections against authentication security threats. See http://go.microsoft.com/fwlink/?LinkId=298939 for more information.","admincount":false},"Members":[],"ObjectIdentifier":"S-1-5-21-3906589501-690843102-3982269896-525","Aces":[{"PrincipalSID":"S-1-5-21-3906589501-690843102-3982269896-512","PrincipalType":"Group","RightName":"Owner","AceType":"","IsInherited":false},{"PrincipalSID":"THROWBACK.LOCAL-S-1-5-32-548","PrincipalType":"Group","RightName":"GenericAll","AceType":"","IsInherited":false},{"PrincipalSID":"S-1-5-21-3906589501-690843102-3982269896-512","PrincipalType":"Group","RightName":"GenericAll","AceType":"","IsInherited":false},{"PrincipalSID":"S-1-5-21-3906589501-690843102-3982269896-1208","PrincipalType":"Unknown","RightName":"WriteProperty","AceType":"AddMember","IsInherited":true},{"PrincipalSID":"S-1-5-21-3906589501-690843102-3982269896-519","PrincipalType":"Group","RightName":"GenericAll","AceType":"","IsInherited":true},{"PrincipalSID":"S-1-5-21-3906589501-690843102-3982269896-1208","PrincipalType":"Unknown","RightName":"GenericAll","AceType":"","IsInherited":true},{"PrincipalSID":"THROWBACK.LOCAL-S-1-5-32-544","PrincipalType":"Group","RightName":"WriteDacl","AceType":"","IsInherited":true},{"PrincipalSID":"THROWBACK.LOCAL-S-1-5-32-544","PrincipalType":"Group","RightName":"WriteOwner","AceType":"","IsInherited":true},{"PrincipalSID":"THROWBACK.LOCAL-S-1-5-32-544","PrincipalType":"Group","RightName":"GenericWrite","AceType":"","IsInherited":true}]},{"Properties":{"highvalue":false,"name":"DNSUPDATEPROXY@THROWBACK.LOCAL","domain":"THROWBACK.LOCAL","objectid":"S-1-5-21-3906589501-690843102-3982269896-1110","distinguishedname":"CN=DnsUpdateProxy,OU=Groups,DC=THROWBACK,DC=local","description":"DNS clients who are permitted to perform dynamic updates on behalf of some other clients (such as DHCP servers).","admincount":false},"Members":[],"ObjectIdentifier":"S-1-5-21-3906589501-690843102-3982269896-1110","Aces":[{"PrincipalSID":"THROWBACK.LOCAL-S-1-5-32-548","PrincipalType":"Group","RightName":"GenericAll","AceType":"","IsInherited":false},{"PrincipalSID":"S-1-5-21-3906589501-690843102-3982269896-512","PrincipalType":"Group","RightName":"GenericAll","AceType":"","IsInherited":false},{"PrincipalSID":"S-1-5-21-3906589501-690843102-3982269896-1208","PrincipalType":"Unknown","RightName":"WriteProperty","AceType":"AddMember","IsInherited":true},{"PrincipalSID":"S-1-5-21-3906589501-690843102-3982269896-519","PrincipalType":"Group","RightName":"GenericAll","AceType":"","IsInherited":true},{"PrincipalSID":"S-1-5-21-3906589501-690843102-3982269896-1208","PrincipalType":"Unknown","RightName":"GenericAll","AceType":"","IsInherited":true},{"PrincipalSID":"THROWBACK.LOCAL-S-1-5-32-544","PrincipalType":"Group","RightName":"WriteDacl","AceType":"","IsInherited":true},{"PrincipalSID":"THROWBACK.LOCAL-S-1-5-32-544","PrincipalType":"Group","RightName":"WriteOwner","AceType":"","IsInherited":true},{"PrincipalSID":"THROWBACK.LOCAL-S-1-5-32-544","PrincipalType":"Group","RightName":"GenericWrite","AceType":"","IsInherited":true}]},{"Properties":{"highvalue":false,"name":"STAGING@THROWBACK.LOCAL","domain":"THROWBACK.LOCAL","objectid":"S-1-5-21-3906589501-690843102-3982269896-1194","distinguishedname":"CN=Staging,OU=Groups,DC=THROWBACK,DC=local","description":null,"admincount":false},"Members":[],"ObjectIdentifier":"S-1-5-21-3906589501-690843102-3982269896-1194","Aces":[{"PrincipalSID":"S-1-5-21-3906589501-690843102-3982269896-512","PrincipalType":"Group","RightName":"Owner","AceType":"","IsInherited":false},{"PrincipalSID":"THROWBACK.LOCAL-S-1-5-32-548","PrincipalType":"Group","RightName":"GenericAll","AceType":"","IsInherited":false},{"PrincipalSID":"S-1-5-21-3906589501-690843102-3982269896-512","PrincipalType":"Group","RightName":"GenericAll","AceType":"","IsInherited":false},{"PrincipalSID":"S-1-5-21-3906589501-690843102-3982269896-1208","PrincipalType":"Unknown","RightName":"WriteProperty","AceType":"AddMember","IsInherited":true},{"PrincipalSID":"S-1-5-21-3906589501-690843102-3982269896-519","PrincipalType":"Group","RightName":"GenericAll","AceType":"","IsInherited":true},{"PrincipalSID":"S-1-5-21-3906589501-690843102-3982269896-1208","PrincipalType":"Unknown","RightName":"GenericAll","AceType":"","IsInherited":true},{"PrincipalSID":"THROWBACK.LOCAL-S-1-5-32-544","PrincipalType":"Group","RightName":"WriteDacl","AceType":"","IsInherited":true},{"PrincipalSID":"THROWBACK.LOCAL-S-1-5-32-544","PrincipalType":"Group","RightName":"WriteOwner","AceType":"","IsInherited":true},{"PrincipalSID":"THROWBACK.LOCAL-S-1-5-32-544","PrincipalType":"Group","RightName":"GenericWrite","AceType":"","IsInherited":true}]},{"Properties":{"highvalue":false,"name":"QUARANTINE@THROWBACK.LOCAL","domain":"THROWBACK.LOCAL","objectid":"S-1-5-21-3906589501-690843102-3982269896-1195","distinguishedname":"CN=Quarantine,OU=Groups,DC=THROWBACK,DC=local","description":null,"admincount":false},"Members":[],"ObjectIdentifier":"S-1-5-21-3906589501-690843102-3982269896-1195","Aces":[{"PrincipalSID":"S-1-5-21-3906589501-690843102-3982269896-512","PrincipalType":"Group","RightName":"Owner","AceType":"","IsInherited":false},{"PrincipalSID":"THROWBACK.LOCAL-S-1-5-32-548","PrincipalType":"Group","RightName":"GenericAll","AceType":"","IsInherited":false},{"PrincipalSID":"S-1-5-21-3906589501-690843102-3982269896-512","PrincipalType":"Group","RightName":"GenericAll","AceType":"","IsInherited":false},{"PrincipalSID":"S-1-5-21-3906589501-690843102-3982269896-1208","PrincipalType":"Unknown","RightName":"WriteProperty","AceType":"AddMember","IsInherited":true},{"PrincipalSID":"S-1-5-21-3906589501-690843102-3982269896-519","PrincipalType":"Group","RightName":"GenericAll","AceType":"","IsInherited":true},{"PrincipalSID":"S-1-5-21-3906589501-690843102-3982269896-1208","PrincipalType":"Unknown","RightName":"GenericAll","AceType":"","IsInherited":true},{"PrincipalSID":"THROWBACK.LOCAL-S-1-5-32-544","PrincipalType":"Group","RightName":"WriteDacl","AceType":"","IsInherited":true},{"PrincipalSID":"THROWBACK.LOCAL-S-1-5-32-544","PrincipalType":"Group","RightName":"WriteOwner","AceType":"","IsInherited":true},{"PrincipalSID":"THROWBACK.LOCAL-S-1-5-32-544","PrincipalType":"Group","RightName":"GenericWrite","AceType":"","IsInherited":true}]},{"Properties":{"name":"ENTERPRISE DOMAIN CONTROLLERS@THROWBACK.LOCAL","domain":"THROWBACK.LOCAL"},"Members":[{"MemberId":"S-1-5-21-3906589501-690843102-3982269896-1008","MemberType":"Computer"}],"ObjectIdentifier":"THROWBACK.LOCAL-S-1-5-9","Aces":[]},{"Properties":{"name":"EVERYONE@THROWBACK.LOCAL"},"Members":[{"MemberId":"S-1-5-21-3906589501-690843102-3982269896-515","MemberType":"Group"},{"MemberId":"S-1-5-21-3906589501-690843102-3982269896-513","MemberType":"Group"}],"ObjectIdentifier":"THROWBACK.LOCAL-S-1-1-0","Aces":[]},{"Properties":{"name":"AUTHENTICATED USERS@THROWBACK.LOCAL"},"Members":[{"MemberId":"S-1-5-21-3906589501-690843102-3982269896-515","MemberType":"Group"},{"MemberId":"S-1-5-21-3906589501-690843102-3982269896-513","MemberType":"Group"}],"ObjectIdentifier":"THROWBACK.LOCAL-S-1-5-11","Aces":[]},{"Properties":{"name":"ADMINISTRATORS@THROWBACK.LOCAL","domain":"THROWBACK.LOCAL"},"Members":[],"ObjectIdentifier":"THROWBACK.LOCAL-S-1-5-32-544","Aces":[]}],"meta":{"count":56,"type":"groups","version":3}}